id;root;rootN;family;modeNr;modeName;RMS;spelling;n1;n2;n3;n4;n5;n6;n7;n8;nn1;nn2;nn3;nn4;nn5;nn6;nn7;nn8;c1;c2;c3;c4;c5;c6;c7;c8
1;1;C;Modes of the Major Scale;1;Ionian;1;b;1;3;5;6;8;10;12;;C;D;E;F;G;A;B;;maj;min;min;maj;maj;min;dim;
2;2;Db;Modes of the Major Scale;1;Ionian;2;b;2;4;6;7;9;11;1;;Db;Eb;F;Gb;Ab;Bb;C;;maj;min;min;maj;maj;min;dim;
3;3;D;Modes of the Major Scale;1;Ionian;3;;3;5;7;8;10;12;2;;D;E;F#;G;A;B;C#;;maj;min;min;maj;maj;min;dim;
4;4;Eb;Modes of the Major Scale;1;Ionian;4;b;4;6;8;9;11;1;3;;Eb;F;G;Ab;Bb;C;D;;maj;min;min;maj;maj;min;dim;
5;5;E;Modes of the Major Scale;1;Ionian;5;;5;7;9;10;12;2;4;;E;F#;G#;A;B;C#;D#;;maj;min;min;maj;maj;min;dim;
6;6;F;Modes of the Major Scale;1;Ionian;6;b;6;8;10;11;1;3;5;;F;G;A;Bb;C;D;E;;maj;min;min;maj;maj;min;dim;
7;7;F#;Modes of the Major Scale;1;Ionian;7;;7;9;11;12;2;4;6;;F#;G#;A#;B;C#;D#;F;;maj;min;min;maj;maj;min;dim;
8;8;G;Modes of the Major Scale;1;Ionian;8;;8;10;12;1;3;5;7;;G;A;B;C;D;E;F#;;maj;min;min;maj;maj;min;dim;
9;9;Ab;Modes of the Major Scale;1;Ionian;9;b;9;11;1;2;4;6;8;;Ab;Bb;C;Db;Eb;F;G;;maj;min;min;maj;maj;min;dim;
10;10;A;Modes of the Major Scale;1;Ionian;10;;10;12;2;3;5;7;9;;A;B;C#;D;E;F#;G#;;maj;min;min;maj;maj;min;dim;
11;11;Bb;Modes of the Major Scale;1;Ionian;11;b;11;1;3;4;6;8;10;;Bb;C;D;Eb;F;G;A;;maj;min;min;maj;maj;min;dim;
12;12;B;Modes of the Major Scale;1;Ionian;12;;12;2;4;5;7;9;11;;B;C#;D#;E;F#;G#;A#;;maj;min;min;maj;maj;min;dim;
13;1;C;Modes of the Major Scale;2;Dorian;4;b;1;3;4;6;8;10;11;;C;D;Eb;F;G;A;Bb;;min;min;maj;maj;min;dim;maj;
14;2;C#;Modes of the Major Scale;2;Dorian;5;;2;4;5;7;9;11;12;;C#;D#;E;F#;G#;A#;B;;min;min;maj;maj;min;dim;maj;
15;3;D;Modes of the Major Scale;2;Dorian;6;b;3;5;6;8;10;12;1;;D;E;F;G;A;B;C;;min;min;maj;maj;min;dim;maj;
16;4;D#;Modes of the Major Scale;2;Dorian;7;;4;6;7;9;11;1;2;;D#;F;F#;G#;A#;C;C#;;min;min;maj;maj;min;dim;maj;
17;5;E;Modes of the Major Scale;2;Dorian;8;;5;7;8;10;12;2;3;;E;F#;G;A;B;C#;D;;min;min;maj;maj;min;dim;maj;
18;6;F;Modes of the Major Scale;2;Dorian;9;b;6;8;9;11;1;3;4;;F;G;Ab;Bb;C;D;Eb;;min;min;maj;maj;min;dim;maj;
19;7;F#;Modes of the Major Scale;2;Dorian;10;;7;9;10;12;2;4;5;;F#;G#;A;B;C#;D#;E;;min;min;maj;maj;min;dim;maj;
20;8;G;Modes of the Major Scale;2;Dorian;11;b;8;10;11;1;3;5;6;;G;A;Bb;C;D;E;F;;min;min;maj;maj;min;dim;maj;
21;9;G#;Modes of the Major Scale;2;Dorian;12;;9;11;12;2;4;6;7;;G#;A#;B;C#;D#;F;F#;;min;min;maj;maj;min;dim;maj;
22;10;A;Modes of the Major Scale;2;Dorian;1;b;10;12;1;3;5;7;8;;A;B;C;D;E;Gb;G;;min;min;maj;maj;min;dim;maj;
23;11;Bb;Modes of the Major Scale;2;Dorian;2;b;11;1;2;4;6;8;9;;Bb;C;Db;Eb;F;G;Ab;;min;min;maj;maj;min;dim;maj;
24;12;B;Modes of the Major Scale;2;Dorian;3;;12;2;3;5;7;9;10;;B;C#;D;E;F#;G#;A;;min;min;maj;maj;min;dim;maj;
25;1;C;Modes of the Major Scale;3;Phrygian;9;b;1;2;4;6;8;9;11;;C;Db;Eb;F;G;Ab;Bb;;min;maj;maj;min;dim;maj;min;
26;2;C#;Modes of the Major Scale;3;Phrygian;10;;2;3;5;7;9;10;12;;C#;D;E;F#;G#;A;B;;min;maj;maj;min;dim;maj;min;
27;3;D;Modes of the Major Scale;3;Phrygian;11;b;3;4;6;8;10;11;1;;D;Eb;F;G;A;Bb;C;;min;maj;maj;min;dim;maj;min;
28;4;D#;Modes of the Major Scale;3;Phrygian;12;;4;5;7;9;11;12;2;;D#;E;F#;G#;A#;B;C#;;min;maj;maj;min;dim;maj;min;
29;5;E;Modes of the Major Scale;3;Phrygian;1;b;5;6;8;10;12;1;3;;E;F;G;A;B;C;D;;min;maj;maj;min;dim;maj;min;
30;6;F;Modes of the Major Scale;3;Phrygian;2;b;6;7;9;11;1;2;4;;F;Gb;Ab;Bb;C;Db;Eb;;min;maj;maj;min;dim;maj;min;
31;7;F#;Modes of the Major Scale;3;Phrygian;3;;7;8;10;12;2;3;5;;F#;G;A;B;C#;D;E;;min;maj;maj;min;dim;maj;min;
32;8;G;Modes of the Major Scale;3;Phrygian;4;b;8;9;11;1;3;4;6;;G;Ab;Bb;C;D;Eb;F;;min;maj;maj;min;dim;maj;min;
33;9;G#;Modes of the Major Scale;3;Phrygian;5;;9;10;12;2;4;5;7;;G#;A;B;C#;D#;E;F#;;min;maj;maj;min;dim;maj;min;
34;10;A;Modes of the Major Scale;3;Phrygian;6;b;10;11;1;3;5;6;8;;A;Bb;C;D;E;F;G;;min;maj;maj;min;dim;maj;min;
35;11;A#;Modes of the Major Scale;3;Phrygian;7;;11;12;2;4;6;7;9;;A#;B;C#;D#;F;F#;G#;;min;maj;maj;min;dim;maj;min;
36;12;B;Modes of the Major Scale;3;Phrygian;8;;12;1;3;5;7;8;10;;B;C;D;E;F#;G;A;;min;maj;maj;min;dim;maj;min;
37;1;C;Modes of the Major Scale;4;Lydian;8;;1;3;5;7;8;10;12;;C;D;E;F#;G;A;B;;maj;maj;min;dim;maj;min;min;
38;2;Db;Modes of the Major Scale;4;Lydian;9;b;2;4;6;8;9;11;1;;Db;Eb;F;G;Ab;Bb;C;;maj;maj;min;dim;maj;min;min;
39;3;D;Modes of the Major Scale;4;Lydian;10;;3;5;7;9;10;12;2;;D;E;F#;G#;A;B;C#;;maj;maj;min;dim;maj;min;min;
40;4;Eb;Modes of the Major Scale;4;Lydian;11;b;4;6;8;10;11;1;3;;Eb;F;G;A;Bb;C;D;;maj;maj;min;dim;maj;min;min;
41;5;E;Modes of the Major Scale;4;Lydian;12;;5;7;9;11;12;2;4;;E;F#;G#;A#;B;C#;D#;;maj;maj;min;dim;maj;min;min;
42;6;F;Modes of the Major Scale;4;Lydian;1;b;6;8;10;12;1;3;5;;F;G;A;B;C;D;E;;maj;maj;min;dim;maj;min;min;
43;7;Gb;Modes of the Major Scale;4;Lydian;2;b;7;9;11;1;2;4;6;;Gb;Ab;Bb;C;Db;Eb;F;;maj;maj;min;dim;maj;min;min;
44;8;G;Modes of the Major Scale;4;Lydian;3;;8;10;12;2;3;5;7;;G;A;B;C#;D;E;F#;;maj;maj;min;dim;maj;min;min;
45;9;Ab;Modes of the Major Scale;4;Lydian;4;b;9;11;1;3;4;6;8;;Ab;Bb;C;D;Eb;F;G;;maj;maj;min;dim;maj;min;min;
46;10;A;Modes of the Major Scale;4;Lydian;5;;10;12;2;4;5;7;9;;A;B;C#;D#;E;F#;G#;;maj;maj;min;dim;maj;min;min;
47;11;Bb;Modes of the Major Scale;4;Lydian;6;b;11;1;3;5;6;8;10;;Bb;C;D;E;F;G;A;;maj;maj;min;dim;maj;min;min;
48;12;B;Modes of the Major Scale;4;Lydian;7;;12;2;4;6;7;9;11;;B;C#;D#;F;F#;G#;A#;;maj;maj;min;dim;maj;min;min;
49;1;C;Modes of the Major Scale;5;Mixolydian;6;b;1;3;5;6;8;10;11;;C;D;E;F;G;A;Bb;;maj;min;dim;maj;min;min;maj;
50;2;C#;Modes of the Major Scale;5;Mixolydian;7;;2;4;6;7;9;11;12;;C#;D#;F;F#;G#;A#;B;;maj;min;dim;maj;min;min;maj;
51;3;D;Modes of the Major Scale;5;Mixolydian;8;;3;5;7;8;10;12;1;;D;E;F#;G;A;B;C;;maj;min;dim;maj;min;min;maj;
52;4;Eb;Modes of the Major Scale;5;Mixolydian;9;b;4;6;8;9;11;1;2;;Eb;F;G;Ab;Bb;C;Db;;maj;min;dim;maj;min;min;maj;
53;5;E;Modes of the Major Scale;5;Mixolydian;10;;5;7;9;10;12;2;3;;E;F#;G#;A;B;C#;D;;maj;min;dim;maj;min;min;maj;
54;6;F;Modes of the Major Scale;5;Mixolydian;11;b;6;8;10;11;1;3;4;;F;G;A;Bb;C;D;Eb;;maj;min;dim;maj;min;min;maj;
55;7;F#;Modes of the Major Scale;5;Mixolydian;12;;7;9;11;12;2;4;5;;F#;G#;A#;B;C#;D#;E;;maj;min;dim;maj;min;min;maj;
56;8;G;Modes of the Major Scale;5;Mixolydian;1;b;8;10;12;1;3;5;6;;G;A;B;C;D;E;F;;maj;min;dim;maj;min;min;maj;
57;9;Ab;Modes of the Major Scale;5;Mixolydian;2;b;9;11;1;2;4;6;7;;Ab;Bb;C;Db;Eb;F;Gb;;maj;min;dim;maj;min;min;maj;
58;10;A;Modes of the Major Scale;5;Mixolydian;3;;10;12;2;3;5;7;8;;A;B;C#;D;E;F#;G;;maj;min;dim;maj;min;min;maj;
59;11;Bb;Modes of the Major Scale;5;Mixolydian;4;b;11;1;3;4;6;8;9;;Bb;C;D;Eb;F;G;Ab;;maj;min;dim;maj;min;min;maj;
60;12;B;Modes of the Major Scale;5;Mixolydian;5;;12;2;4;5;7;9;10;;B;C#;D#;E;F#;G#;A;;maj;min;dim;maj;min;min;maj;
61;1;C;Modes of the Major Scale;6;Aeolian;4;b;1;3;4;6;8;9;11;;C;D;Eb;F;G;Ab;Bb;;min;dim;maj;min;min;maj;maj;
62;2;C#;Modes of the Major Scale;6;Aeolian;5;;2;4;5;7;9;10;12;;C#;D#;E;F#;G#;A;B;;min;dim;maj;min;min;maj;maj;
63;3;D;Modes of the Major Scale;6;Aeolian;6;b;3;5;6;8;10;11;1;;D;E;F;G;A;Bb;C;;min;dim;maj;min;min;maj;maj;
64;4;D#;Modes of the Major Scale;6;Aeolian;7;;4;6;7;9;11;12;2;;D#;F;F#;G#;A#;B;C#;;min;dim;maj;min;min;maj;maj;
65;5;E;Modes of the Major Scale;6;Aeolian;8;;5;7;8;10;12;1;3;;E;F#;G;A;B;C;D;;min;dim;maj;min;min;maj;maj;
66;6;F;Modes of the Major Scale;6;Aeolian;9;b;6;8;9;11;1;2;4;;F;G;Ab;Bb;C;Db;Eb;;min;dim;maj;min;min;maj;maj;
67;7;F#;Modes of the Major Scale;6;Aeolian;10;;7;9;10;12;2;3;5;;F#;G#;A;B;C#;D;E;;min;dim;maj;min;min;maj;maj;
68;8;G;Modes of the Major Scale;6;Aeolian;11;b;8;10;11;1;3;4;6;;G;A;Bb;C;D;Eb;F;;min;dim;maj;min;min;maj;maj;
69;9;G#;Modes of the Major Scale;6;Aeolian;12;;9;11;12;2;4;5;7;;G#;A#;B;C#;D#;E;F#;;min;dim;maj;min;min;maj;maj;
70;10;A;Modes of the Major Scale;6;Aeolian;1;b;10;12;1;3;5;6;8;;A;B;C;D;E;F;G;;min;dim;maj;min;min;maj;maj;
71;11;Bb;Modes of the Major Scale;6;Aeolian;2;b;11;1;2;4;6;7;9;;Bb;C;Db;Eb;F;Gb;Ab;;min;dim;maj;min;min;maj;maj;
72;12;B;Modes of the Major Scale;6;Aeolian;3;;12;2;3;5;7;8;10;;B;C#;D;E;F#;G;A;;min;dim;maj;min;min;maj;maj;
73;1;C;Modes of the Major Scale;7;Locrian;2;b;1;2;4;6;7;9;11;;C;Db;Eb;F;Gb;Ab;Bb;;dim;maj;min;min;maj;maj;min;
74;2;C#;Modes of the Major Scale;7;Locrian;3;;2;3;5;7;8;10;12;;C#;D;E;F#;G;A;B;;dim;maj;min;min;maj;maj;min;
75;3;D;Modes of the Major Scale;7;Locrian;4;b;3;4;6;8;9;11;1;;D;Eb;F;G;Ab;Bb;C;;dim;maj;min;min;maj;maj;min;
76;4;D#;Modes of the Major Scale;7;Locrian;5;;4;5;7;9;10;12;2;;D#;E;F#;G#;A;B;C#;;dim;maj;min;min;maj;maj;min;
77;5;E;Modes of the Major Scale;7;Locrian;6;b;5;6;8;10;11;1;3;;E;F;G;A;Bb;C;D;;dim;maj;min;min;maj;maj;min;
78;6;F;Modes of the Major Scale;7;Locrian;7;;6;7;9;11;12;2;4;;F;F#;G#;A#;B;C#;D#;;dim;maj;min;min;maj;maj;min;
79;7;F#;Modes of the Major Scale;7;Locrian;8;;7;8;10;12;1;3;5;;F#;G;A;B;C;D;E;;dim;maj;min;min;maj;maj;min;
80;8;G;Modes of the Major Scale;7;Locrian;9;b;8;9;11;1;2;4;6;;G;Ab;Bb;C;Db;Eb;F;;dim;maj;min;min;maj;maj;min;
81;9;G#;Modes of the Major Scale;7;Locrian;10;;9;10;12;2;3;5;7;;G#;A;B;C#;D;E;F#;;dim;maj;min;min;maj;maj;min;
82;10;A;Modes of the Major Scale;7;Locrian;11;b;10;11;1;3;4;6;8;;A;Bb;C;D;Eb;F;G;;dim;maj;min;min;maj;maj;min;
83;11;A#;Modes of the Major Scale;7;Locrian;12;;11;12;2;4;5;7;9;;A#;B;C#;D#;E;F#;G#;;dim;maj;min;min;maj;maj;min;
84;12;B;Modes of the Major Scale;7;Locrian;1;b;12;1;3;5;6;8;10;;B;C;D;E;F;G;A;;dim;maj;min;min;maj;maj;min;
85;1;C;Modes of Harmonic Minor;1;Harmonic Minor;4;b;1;3;4;6;8;9;12;;C;D;Eb;F;G;Ab;B;;min;dim;aug;min;maj;maj;dim;
86;2;C#;Modes of Harmonic Minor;1;Harmonic Minor;5;;2;4;5;7;9;10;1;;C#;D#;E;F#;G#;A;C;;min;dim;aug;min;maj;maj;dim;
87;3;D;Modes of Harmonic Minor;1;Harmonic Minor;6;b;3;5;6;8;10;11;2;;D;E;F;G;A;Bb;Db;;min;dim;aug;min;maj;maj;dim;
88;4;D#;Modes of Harmonic Minor;1;Harmonic Minor;7;;4;6;7;9;11;12;3;;D#;F;F#;G#;A#;B;D;;min;dim;aug;min;maj;maj;dim;
89;5;E;Modes of Harmonic Minor;1;Harmonic Minor;8;;5;7;8;10;12;1;4;;E;F#;G;A;B;C;D#;;min;dim;aug;min;maj;maj;dim;
90;6;F;Modes of Harmonic Minor;1;Harmonic Minor;9;b;6;8;9;11;1;2;5;;F;G;Ab;Bb;C;Db;E;;min;dim;aug;min;maj;maj;dim;
91;7;F#;Modes of Harmonic Minor;1;Harmonic Minor;10;;7;9;10;12;2;3;6;;F#;G#;A;B;C#;D;F;;min;dim;aug;min;maj;maj;dim;
92;8;G;Modes of Harmonic Minor;1;Harmonic Minor;11;b;8;10;11;1;3;4;7;;G;A;Bb;C;D;Eb;Gb;;min;dim;aug;min;maj;maj;dim;
93;9;G#;Modes of Harmonic Minor;1;Harmonic Minor;12;;9;11;12;2;4;5;8;;G#;A#;B;C#;D#;E;G;;min;dim;aug;min;maj;maj;dim;
94;10;A;Modes of Harmonic Minor;1;Harmonic Minor;1;b;10;12;1;3;5;6;9;;A;B;C;D;E;F;Ab;;min;dim;aug;min;maj;maj;dim;
95;11;Bb;Modes of Harmonic Minor;1;Harmonic Minor;2;b;11;1;2;4;6;7;10;;Bb;C;Db;Eb;F;Gb;A;;min;dim;aug;min;maj;maj;dim;
96;12;B;Modes of Harmonic Minor;1;Harmonic Minor;3;;12;2;3;5;7;8;11;;B;C#;D;E;F#;G;A#;;min;dim;aug;min;maj;maj;dim;
97;1;C;Modes of Harmonic Minor;2;Lociran n6;2;b;1;2;4;6;7;10;11;;C;Db;Eb;F;Gb;A;Bb;;dim;aug;min;maj;maj;dim;min;
98;2;C#;Modes of Harmonic Minor;2;Lociran n6;3;;2;3;5;7;8;11;12;;C#;D;E;F#;G;A#;B;;dim;aug;min;maj;maj;dim;min;
99;3;D;Modes of Harmonic Minor;2;Lociran n6;4;b;3;4;6;8;9;12;1;;D;Eb;F;G;Ab;B;C;;dim;aug;min;maj;maj;dim;min;
100;4;D#;Modes of Harmonic Minor;2;Lociran n6;5;;4;5;7;9;10;1;2;;D#;E;F#;G#;A;C;C#;;dim;aug;min;maj;maj;dim;min;
101;5;E;Modes of Harmonic Minor;2;Lociran n6;6;b;5;6;8;10;11;2;3;;E;F;G;A;Bb;Db;D;;dim;aug;min;maj;maj;dim;min;
102;6;F;Modes of Harmonic Minor;2;Lociran n6;7;;6;7;9;11;12;3;4;;F;F#;G#;A#;B;D;D#;;dim;aug;min;maj;maj;dim;min;
103;7;F#;Modes of Harmonic Minor;2;Lociran n6;8;;7;8;10;12;1;4;5;;F#;G;A;B;C;D#;E;;dim;aug;min;maj;maj;dim;min;
104;8;G;Modes of Harmonic Minor;2;Lociran n6;9;b;8;9;11;1;2;5;6;;G;Ab;Bb;C;Db;E;F;;dim;aug;min;maj;maj;dim;min;
105;9;G#;Modes of Harmonic Minor;2;Lociran n6;10;;9;10;12;2;3;6;7;;G#;A;B;C#;D;F;F#;;dim;aug;min;maj;maj;dim;min;
106;10;A;Modes of Harmonic Minor;2;Lociran n6;11;b;10;11;1;3;4;7;8;;A;Bb;C;D;Eb;Gb;G;;dim;aug;min;maj;maj;dim;min;
107;11;A#;Modes of Harmonic Minor;2;Lociran n6;12;;11;12;2;4;5;8;9;;A#;B;C#;D#;E;G;G#;;dim;aug;min;maj;maj;dim;min;
108;12;B;Modes of Harmonic Minor;2;Lociran n6;1;b;12;1;3;5;6;9;10;;B;C;D;E;F;Ab;A;;dim;aug;min;maj;maj;dim;min;
109;1;C;Modes of Harmonic Minor;3;Ionian s5;1;b;1;3;5;6;9;10;12;;C;D;E;F;Ab;A;B;;aug;min;maj;maj;dim;min;dim;
110;2;Db;Modes of Harmonic Minor;3;Ionian s5;2;b;2;4;6;7;10;11;1;;Db;Eb;F;Gb;A;Bb;C;;aug;min;maj;maj;dim;min;dim;
111;3;D;Modes of Harmonic Minor;3;Ionian s5;3;;3;5;7;8;11;12;2;;D;E;F#;G;A#;B;C#;;aug;min;maj;maj;dim;min;dim;
112;4;Eb;Modes of Harmonic Minor;3;Ionian s5;4;b;4;6;8;9;12;1;3;;Eb;F;G;Ab;B;C;D;;aug;min;maj;maj;dim;min;dim;
113;5;E;Modes of Harmonic Minor;3;Ionian s5;5;;5;7;9;10;1;2;4;;E;F#;G#;A;C;C#;D#;;aug;min;maj;maj;dim;min;dim;
114;6;F;Modes of Harmonic Minor;3;Ionian s5;6;b;6;8;10;11;2;3;5;;F;G;A;Bb;Db;D;E;;aug;min;maj;maj;dim;min;dim;
115;7;F#;Modes of Harmonic Minor;3;Ionian s5;7;;7;9;11;12;3;4;6;;F#;G#;A#;B;D;D#;F;;aug;min;maj;maj;dim;min;dim;
116;8;G;Modes of Harmonic Minor;3;Ionian s5;8;;8;10;12;1;4;5;7;;G;A;B;C;D#;E;F#;;aug;min;maj;maj;dim;min;dim;
117;9;Ab;Modes of Harmonic Minor;3;Ionian s5;9;b;9;11;1;2;5;6;8;;Ab;Bb;C;Db;E;F;G;;aug;min;maj;maj;dim;min;dim;
118;10;A;Modes of Harmonic Minor;3;Ionian s5;10;;10;12;2;3;6;7;9;;A;B;C#;D;F;F#;G#;;aug;min;maj;maj;dim;min;dim;
119;11;Bb;Modes of Harmonic Minor;3;Ionian s5;11;b;11;1;3;4;7;8;10;;Bb;C;D;Eb;Gb;G;A;;aug;min;maj;maj;dim;min;dim;
120;12;B;Modes of Harmonic Minor;3;Ionian s5;12;;12;2;4;5;8;9;11;;B;C#;D#;E;G;G#;A#;;aug;min;maj;maj;dim;min;dim;
121;1;C;Modes of Harmonic Minor;4;Dorian s4;11;b;1;3;4;7;8;10;11;;C;D;Eb;Gb;G;A;Bb;;min;maj;maj;dim;min;dim;aug;
122;2;C#;Modes of Harmonic Minor;4;Dorian s4;12;;2;4;5;8;9;11;12;;C#;D#;E;G;G#;A#;B;;min;maj;maj;dim;min;dim;aug;
123;3;D;Modes of Harmonic Minor;4;Dorian s4;1;b;3;5;6;9;10;12;1;;D;E;F;Ab;A;B;C;;min;maj;maj;dim;min;dim;aug;
124;4;Eb;Modes of Harmonic Minor;4;Dorian s4;2;b;4;6;7;10;11;1;2;;Eb;F;Gb;A;Bb;C;Db;;min;maj;maj;dim;min;dim;aug;
125;5;E;Modes of Harmonic Minor;4;Dorian s4;3;;5;7;8;11;12;2;3;;E;F#;G;A#;B;C#;D;;min;maj;maj;dim;min;dim;aug;
126;6;F;Modes of Harmonic Minor;4;Dorian s4;4;b;6;8;9;12;1;3;4;;F;G;Ab;B;C;D;Eb;;min;maj;maj;dim;min;dim;aug;
127;7;F#;Modes of Harmonic Minor;4;Dorian s4;5;;7;9;10;1;2;4;5;;F#;G#;A;C;C#;D#;E;;min;maj;maj;dim;min;dim;aug;
128;8;G;Modes of Harmonic Minor;4;Dorian s4;6;b;8;10;11;2;3;5;6;;G;A;Bb;Db;D;E;F;;min;maj;maj;dim;min;dim;aug;
129;9;G#;Modes of Harmonic Minor;4;Dorian s4;7;;9;11;12;3;4;6;7;;G#;A#;B;D;D#;F;F#;;min;maj;maj;dim;min;dim;aug;
130;10;A;Modes of Harmonic Minor;4;Dorian s4;8;;10;12;1;4;5;7;8;;A;B;C;D#;E;F#;G;;min;maj;maj;dim;min;dim;aug;
131;11;Bb;Modes of Harmonic Minor;4;Dorian s4;9;b;11;1;2;5;6;8;9;;Bb;C;Db;E;F;G;Ab;;min;maj;maj;dim;min;dim;aug;
132;12;B;Modes of Harmonic Minor;4;Dorian s4;10;;12;2;3;6;7;9;10;;B;C#;D;F;F#;G#;A;;min;maj;maj;dim;min;dim;aug;
133;1;C;Modes of Harmonic Minor;5;Phrygian Dominant;9;b;1;2;5;6;8;9;11;;C;Db;E;F;G;Ab;Bb;;maj;maj;dim;min;dim;aug;min;
134;2;C#;Modes of Harmonic Minor;5;Phrygian Dominant;10;;2;3;6;7;9;10;12;;C#;D;F;F#;G#;A;B;;maj;maj;dim;min;dim;aug;min;
135;3;D;Modes of Harmonic Minor;5;Phrygian Dominant;11;b;3;4;7;8;10;11;1;;D;Eb;Gb;G;A;Bb;C;;maj;maj;dim;min;dim;aug;min;
136;4;D#;Modes of Harmonic Minor;5;Phrygian Dominant;12;;4;5;8;9;11;12;2;;D#;E;G;G#;A#;B;C#;;maj;maj;dim;min;dim;aug;min;
137;5;E;Modes of Harmonic Minor;5;Phrygian Dominant;1;b;5;6;9;10;12;1;3;;E;F;Ab;A;B;C;D;;maj;maj;dim;min;dim;aug;min;
138;6;F;Modes of Harmonic Minor;5;Phrygian Dominant;2;b;6;7;10;11;1;2;4;;F;Gb;A;Bb;C;Db;Eb;;maj;maj;dim;min;dim;aug;min;
139;7;F#;Modes of Harmonic Minor;5;Phrygian Dominant;3;;7;8;11;12;2;3;5;;F#;G;A#;B;C#;D;E;;maj;maj;dim;min;dim;aug;min;
140;8;G;Modes of Harmonic Minor;5;Phrygian Dominant;4;b;8;9;12;1;3;4;6;;G;Ab;B;C;D;Eb;F;;maj;maj;dim;min;dim;aug;min;
141;9;G#;Modes of Harmonic Minor;5;Phrygian Dominant;5;;9;10;1;2;4;5;7;;G#;A;C;C#;D#;E;F#;;maj;maj;dim;min;dim;aug;min;
142;10;A;Modes of Harmonic Minor;5;Phrygian Dominant;6;b;10;11;2;3;5;6;8;;A;Bb;Db;D;E;F;G;;maj;maj;dim;min;dim;aug;min;
143;11;A#;Modes of Harmonic Minor;5;Phrygian Dominant;7;;11;12;3;4;6;7;9;;A#;B;D;D#;F;F#;G#;;maj;maj;dim;min;dim;aug;min;
144;12;B;Modes of Harmonic Minor;5;Phrygian Dominant;8;;12;1;4;5;7;8;10;;B;C;D#;E;F#;G;A;;maj;maj;dim;min;dim;aug;min;
145;1;C;Modes of Harmonic Minor;6;Lydian s2;8;;1;4;5;7;8;10;12;;C;D#;E;F#;G;A;B;;maj;dim;min;dim;aug;min;maj;
146;2;Db;Modes of Harmonic Minor;6;Lydian s2;9;b;2;5;6;8;9;11;1;;Db;E;F;G;Ab;Bb;C;;maj;dim;min;dim;aug;min;maj;
147;3;D;Modes of Harmonic Minor;6;Lydian s2;10;;3;6;7;9;10;12;2;;D;F;F#;G#;A;B;C#;;maj;dim;min;dim;aug;min;maj;
148;4;Eb;Modes of Harmonic Minor;6;Lydian s2;11;b;4;7;8;10;11;1;3;;Eb;Gb;G;A;Bb;C;D;;maj;dim;min;dim;aug;min;maj;
149;5;E;Modes of Harmonic Minor;6;Lydian s2;12;;5;8;9;11;12;2;4;;E;G;G#;A#;B;C#;D#;;maj;dim;min;dim;aug;min;maj;
150;6;F;Modes of Harmonic Minor;6;Lydian s2;1;b;6;9;10;12;1;3;5;;F;Ab;A;B;C;D;E;;maj;dim;min;dim;aug;min;maj;
151;7;Gb;Modes of Harmonic Minor;6;Lydian s2;2;b;7;10;11;1;2;4;6;;Gb;A;Bb;C;Db;Eb;F;;maj;dim;min;dim;aug;min;maj;
152;8;G;Modes of Harmonic Minor;6;Lydian s2;3;;8;11;12;2;3;5;7;;G;A#;B;C#;D;E;F#;;maj;dim;min;dim;aug;min;maj;
153;9;Ab;Modes of Harmonic Minor;6;Lydian s2;4;b;9;12;1;3;4;6;8;;Ab;B;C;D;Eb;F;G;;maj;dim;min;dim;aug;min;maj;
154;10;A;Modes of Harmonic Minor;6;Lydian s2;5;;10;1;2;4;5;7;9;;A;C;C#;D#;E;F#;G#;;maj;dim;min;dim;aug;min;maj;
155;11;Bb;Modes of Harmonic Minor;6;Lydian s2;6;b;11;2;3;5;6;8;10;;Bb;Db;D;E;F;G;A;;maj;dim;min;dim;aug;min;maj;
156;12;B;Modes of Harmonic Minor;6;Lydian s2;7;;12;3;4;6;7;9;11;;B;D;D#;F;F#;G#;A#;;maj;dim;min;dim;aug;min;maj;
157;1;C;Modes of Harmonic Minor;7;Altered Diminished;2;b;1;2;4;5;7;9;10;;C;Db;Eb;E;Gb;Ab;A;;dim;min;dim;aug;min;maj;maj;
158;2;C#;Modes of Harmonic Minor;7;Altered Diminished;3;;2;3;5;6;8;10;11;;C#;D;E;F;G;A;A#;;dim;min;dim;aug;min;maj;maj;
159;3;D;Modes of Harmonic Minor;7;Altered Diminished;4;b;3;4;6;7;9;11;12;;D;Eb;F;Gb;Ab;Bb;B;;dim;min;dim;aug;min;maj;maj;
160;4;D#;Modes of Harmonic Minor;7;Altered Diminished;5;;4;5;7;8;10;12;1;;D#;E;F#;G;A;B;C;;dim;min;dim;aug;min;maj;maj;
161;5;E;Modes of Harmonic Minor;7;Altered Diminished;6;b;5;6;8;9;11;1;2;;E;F;G;Ab;Bb;C;Db;;dim;min;dim;aug;min;maj;maj;
162;6;F;Modes of Harmonic Minor;7;Altered Diminished;7;;6;7;9;10;12;2;3;;F;F#;G#;A;B;C#;D;;dim;min;dim;aug;min;maj;maj;
163;7;F#;Modes of Harmonic Minor;7;Altered Diminished;8;;7;8;10;11;1;3;4;;F#;G;A;A#;C;D;D#;;dim;min;dim;aug;min;maj;maj;
164;8;G;Modes of Harmonic Minor;7;Altered Diminished;9;b;8;9;11;12;2;4;5;;G;Ab;Bb;B;Db;Eb;E;;dim;min;dim;aug;min;maj;maj;
165;9;G#;Modes of Harmonic Minor;7;Altered Diminished;10;;9;10;12;1;3;5;6;;G#;A;B;C;D;E;F;;dim;min;dim;aug;min;maj;maj;
166;10;A;Modes of Harmonic Minor;7;Altered Diminished;11;b;10;11;1;2;4;6;7;;A;Bb;C;Db;Eb;F;Gb;;dim;min;dim;aug;min;maj;maj;
167;11;A#;Modes of Harmonic Minor;7;Altered Diminished;12;;11;12;2;3;5;7;8;;A#;B;C#;D;E;F#;G;;dim;min;dim;aug;min;maj;maj;
168;12;B;Modes of Harmonic Minor;7;Altered Diminished;1;b;12;1;3;4;6;8;9;;B;C;D;Eb;F;G;Ab;;dim;min;dim;aug;min;maj;maj;
169;1;C;Modes of Melodic Minor;1;Melodic Minor;4;b;1;3;4;6;8;10;12;;C;D;Eb;F;G;A;B;;min;min;aug;maj;maj;dim;dim;
170;2;C#;Modes of Melodic Minor;1;Melodic Minor;5;;2;4;5;7;9;11;1;;C#;D#;E;F#;G#;A#;C;;min;min;aug;maj;maj;dim;dim;
171;3;D;Modes of Melodic Minor;1;Melodic Minor;6;b;3;5;6;8;10;12;2;;D;E;F;G;A;B;Db;;min;min;aug;maj;maj;dim;dim;
172;4;D#;Modes of Melodic Minor;1;Melodic Minor;7;;4;6;7;9;11;1;3;;D#;F;F#;G#;A#;C;D;;min;min;aug;maj;maj;dim;dim;
173;5;E;Modes of Melodic Minor;1;Melodic Minor;8;;5;7;8;10;12;2;4;;E;F#;G;A;B;C#;D#;;min;min;aug;maj;maj;dim;dim;
174;6;F;Modes of Melodic Minor;1;Melodic Minor;9;b;6;8;9;11;1;3;5;;F;G;Ab;Bb;C;D;E;;min;min;aug;maj;maj;dim;dim;
175;7;F#;Modes of Melodic Minor;1;Melodic Minor;10;;7;9;10;12;2;4;6;;F#;G#;A;B;C#;D#;F;;min;min;aug;maj;maj;dim;dim;
176;8;G;Modes of Melodic Minor;1;Melodic Minor;11;b;8;10;11;1;3;5;7;;G;A;Bb;C;D;E;Gb;;min;min;aug;maj;maj;dim;dim;
177;9;G#;Modes of Melodic Minor;1;Melodic Minor;12;;9;11;12;2;4;6;8;;G#;A#;B;C#;D#;F;G;;min;min;aug;maj;maj;dim;dim;
178;10;A;Modes of Melodic Minor;1;Melodic Minor;1;b;10;12;1;3;5;7;9;;A;B;C;D;E;Gb;Ab;;min;min;aug;maj;maj;dim;dim;
179;11;Bb;Modes of Melodic Minor;1;Melodic Minor;2;b;11;1;2;4;6;8;10;;Bb;C;Db;Eb;F;G;A;;min;min;aug;maj;maj;dim;dim;
180;12;B;Modes of Melodic Minor;1;Melodic Minor;3;;12;2;3;5;7;9;11;;B;C#;D;E;F#;G#;A#;;min;min;aug;maj;maj;dim;dim;
181;1;C;Modes of Melodic Minor;2;Dorian b2;2;b;1;2;4;6;8;10;11;;C;Db;Eb;F;G;A;Bb;;min;aug;maj;maj;dim;dim;min;
182;2;C#;Modes of Melodic Minor;2;Dorian b2;3;;2;3;5;7;9;11;12;;C#;D;E;F#;G#;A#;B;;min;aug;maj;maj;dim;dim;min;
183;3;D;Modes of Melodic Minor;2;Dorian b2;4;b;3;4;6;8;10;12;1;;D;Eb;F;G;A;B;C;;min;aug;maj;maj;dim;dim;min;
184;4;D#;Modes of Melodic Minor;2;Dorian b2;5;;4;5;7;9;11;1;2;;D#;E;F#;G#;A#;C;C#;;min;aug;maj;maj;dim;dim;min;
185;5;E;Modes of Melodic Minor;2;Dorian b2;6;b;5;6;8;10;12;2;3;;E;F;G;A;B;Db;D;;min;aug;maj;maj;dim;dim;min;
186;6;F;Modes of Melodic Minor;2;Dorian b2;7;;6;7;9;11;1;3;4;;F;F#;G#;A#;C;D;D#;;min;aug;maj;maj;dim;dim;min;
187;7;F#;Modes of Melodic Minor;2;Dorian b2;8;;7;8;10;12;2;4;5;;F#;G;A;B;C#;D#;E;;min;aug;maj;maj;dim;dim;min;
188;8;G;Modes of Melodic Minor;2;Dorian b2;9;b;8;9;11;1;3;5;6;;G;Ab;Bb;C;D;E;F;;min;aug;maj;maj;dim;dim;min;
189;9;G#;Modes of Melodic Minor;2;Dorian b2;10;;9;10;12;2;4;6;7;;G#;A;B;C#;D#;F;F#;;min;aug;maj;maj;dim;dim;min;
190;10;A;Modes of Melodic Minor;2;Dorian b2;11;b;10;11;1;3;5;7;8;;A;Bb;C;D;E;Gb;G;;min;aug;maj;maj;dim;dim;min;
191;11;A#;Modes of Melodic Minor;2;Dorian b2;12;;11;12;2;4;6;8;9;;A#;B;C#;D#;F;G;G#;;min;aug;maj;maj;dim;dim;min;
192;12;B;Modes of Melodic Minor;2;Dorian b2;1;b;12;1;3;5;7;9;10;;B;C;D;E;Gb;Ab;A;;min;aug;maj;maj;dim;dim;min;
193;1;C;Modes of Melodic Minor;3;Lydian Augmented;8;;1;3;5;7;9;10;12;;C;D;E;F#;G#;A;B;;aug;maj;maj;dim;dim;min;min;
194;2;Db;Modes of Melodic Minor;3;Lydian Augmented;9;b;2;4;6;8;10;11;1;;Db;Eb;F;G;A;Bb;C;;aug;maj;maj;dim;dim;min;min;
195;3;D;Modes of Melodic Minor;3;Lydian Augmented;10;;3;5;7;9;11;12;2;;D;E;F#;G#;A#;B;C#;;aug;maj;maj;dim;dim;min;min;
196;4;Eb;Modes of Melodic Minor;3;Lydian Augmented;11;b;4;6;8;10;12;1;3;;Eb;F;G;A;B;C;D;;aug;maj;maj;dim;dim;min;min;
197;5;E;Modes of Melodic Minor;3;Lydian Augmented;12;;5;7;9;11;1;2;4;;E;F#;G#;A#;C;C#;D#;;aug;maj;maj;dim;dim;min;min;
198;6;F;Modes of Melodic Minor;3;Lydian Augmented;1;b;6;8;10;12;2;3;5;;F;G;A;B;Db;D;E;;aug;maj;maj;dim;dim;min;min;
199;7;Gb;Modes of Melodic Minor;3;Lydian Augmented;2;b;7;9;11;1;3;4;6;;Gb;Ab;Bb;C;D;Eb;F;;aug;maj;maj;dim;dim;min;min;
200;8;G;Modes of Melodic Minor;3;Lydian Augmented;3;;8;10;12;2;4;5;7;;G;A;B;C#;D#;E;F#;;aug;maj;maj;dim;dim;min;min;
201;9;Ab;Modes of Melodic Minor;3;Lydian Augmented;4;b;9;11;1;3;5;6;8;;Ab;Bb;C;D;E;F;G;;aug;maj;maj;dim;dim;min;min;
202;10;A;Modes of Melodic Minor;3;Lydian Augmented;5;;10;12;2;4;6;7;9;;A;B;C#;D#;F;F#;G#;;aug;maj;maj;dim;dim;min;min;
203;11;Bb;Modes of Melodic Minor;3;Lydian Augmented;6;b;11;1;3;5;7;8;10;;Bb;C;D;E;Gb;G;A;;aug;maj;maj;dim;dim;min;min;
204;12;B;Modes of Melodic Minor;3;Lydian Augmented;7;;12;2;4;6;8;9;11;;B;C#;D#;F;G;G#;A#;;aug;maj;maj;dim;dim;min;min;
205;1;C;Modes of Melodic Minor;4;Lydian Dominant;11;b;1;3;5;7;8;10;11;;C;D;E;Gb;G;A;Bb;;maj;maj;dim;dim;min;min;aug;
206;2;C#;Modes of Melodic Minor;4;Lydian Dominant;12;;2;4;6;8;9;11;12;;C#;D#;F;G;G#;A#;B;;maj;maj;dim;dim;min;min;aug;
207;3;D;Modes of Melodic Minor;4;Lydian Dominant;1;b;3;5;7;9;10;12;1;;D;E;Gb;Ab;A;B;C;;maj;maj;dim;dim;min;min;aug;
208;4;Eb;Modes of Melodic Minor;4;Lydian Dominant;2;b;4;6;8;10;11;1;2;;Eb;F;G;A;Bb;C;Db;;maj;maj;dim;dim;min;min;aug;
209;5;E;Modes of Melodic Minor;4;Lydian Dominant;3;;5;7;9;11;12;2;3;;E;F#;G#;A#;B;C#;D;;maj;maj;dim;dim;min;min;aug;
210;6;F;Modes of Melodic Minor;4;Lydian Dominant;4;b;6;8;10;12;1;3;4;;F;G;A;B;C;D;Eb;;maj;maj;dim;dim;min;min;aug;
211;7;F#;Modes of Melodic Minor;4;Lydian Dominant;5;;7;9;11;1;2;4;5;;F#;G#;A#;C;C#;D#;E;;maj;maj;dim;dim;min;min;aug;
212;8;G;Modes of Melodic Minor;4;Lydian Dominant;6;b;8;10;12;2;3;5;6;;G;A;B;Db;D;E;F;;maj;maj;dim;dim;min;min;aug;
213;9;G#;Modes of Melodic Minor;4;Lydian Dominant;7;;9;11;1;3;4;6;7;;G#;A#;C;D;D#;F;F#;;maj;maj;dim;dim;min;min;aug;
214;10;A;Modes of Melodic Minor;4;Lydian Dominant;8;;10;12;2;4;5;7;8;;A;B;C#;D#;E;F#;G;;maj;maj;dim;dim;min;min;aug;
215;11;Bb;Modes of Melodic Minor;4;Lydian Dominant;9;b;11;1;3;5;6;8;9;;Bb;C;D;E;F;G;Ab;;maj;maj;dim;dim;min;min;aug;
216;12;B;Modes of Melodic Minor;4;Lydian Dominant;10;;12;2;4;6;7;9;10;;B;C#;D#;F;F#;G#;A;;maj;maj;dim;dim;min;min;aug;
217;1;C;Modes of Melodic Minor;5;Aeolian Dominant;9;b;1;3;5;6;8;9;11;;C;D;E;F;G;Ab;Bb;;maj;dim;dim;min;min;aug;maj;
218;2;C#;Modes of Melodic Minor;5;Aeolian Dominant;10;;2;4;6;7;9;10;12;;C#;D#;F;F#;G#;A;B;;maj;dim;dim;min;min;aug;maj;
219;3;D;Modes of Melodic Minor;5;Aeolian Dominant;11;b;3;5;7;8;10;11;1;;D;E;Gb;G;A;Bb;C;;maj;dim;dim;min;min;aug;maj;
220;4;D#;Modes of Melodic Minor;5;Aeolian Dominant;12;;4;6;8;9;11;12;2;;D#;F;G;G#;A#;B;C#;;maj;dim;dim;min;min;aug;maj;
221;5;E;Modes of Melodic Minor;5;Aeolian Dominant;1;b;5;7;9;10;12;1;3;;E;Gb;Ab;A;B;C;D;;maj;dim;dim;min;min;aug;maj;
222;6;F;Modes of Melodic Minor;5;Aeolian Dominant;2;b;6;8;10;11;1;2;4;;F;G;A;Bb;C;Db;Eb;;maj;dim;dim;min;min;aug;maj;
223;7;F#;Modes of Melodic Minor;5;Aeolian Dominant;3;;7;9;11;12;2;3;5;;F#;G#;A#;B;C#;D;E;;maj;dim;dim;min;min;aug;maj;
224;8;G;Modes of Melodic Minor;5;Aeolian Dominant;4;b;8;10;12;1;3;4;6;;G;A;B;C;D;Eb;F;;maj;dim;dim;min;min;aug;maj;
225;9;G#;Modes of Melodic Minor;5;Aeolian Dominant;5;;9;11;1;2;4;5;7;;G#;A#;C;C#;D#;E;F#;;maj;dim;dim;min;min;aug;maj;
226;10;A;Modes of Melodic Minor;5;Aeolian Dominant;6;b;10;12;2;3;5;6;8;;A;B;Db;D;E;F;G;;maj;dim;dim;min;min;aug;maj;
227;11;A#;Modes of Melodic Minor;5;Aeolian Dominant;7;;11;1;3;4;6;7;9;;A#;C;D;D#;F;F#;G#;;maj;dim;dim;min;min;aug;maj;
228;12;B;Modes of Melodic Minor;5;Aeolian Dominant;8;;12;2;4;5;7;8;10;;B;C#;D#;E;F#;G;A;;maj;dim;dim;min;min;aug;maj;
229;1;C;Modes of Melodic Minor;6;Half Diminished;8;;1;3;4;6;7;9;11;;C;D;D#;F;F#;G#;A#;;dim;dim;min;min;aug;maj;maj;
230;2;Db;Modes of Melodic Minor;6;Half Diminished;9;b;2;4;5;7;8;10;12;;Db;Eb;E;Gb;G;A;B;;dim;dim;min;min;aug;maj;maj;
231;3;D;Modes of Melodic Minor;6;Half Diminished;10;;3;5;6;8;9;11;1;;D;E;F;G;G#;A#;C;;dim;dim;min;min;aug;maj;maj;
232;4;Eb;Modes of Melodic Minor;6;Half Diminished;11;b;4;6;7;9;10;12;2;;Eb;F;Gb;Ab;A;B;Db;;dim;dim;min;min;aug;maj;maj;
233;5;E;Modes of Melodic Minor;6;Half Diminished;12;;5;7;8;10;11;1;3;;E;F#;G;A;A#;C;D;;dim;dim;min;min;aug;maj;maj;
234;6;F;Modes of Melodic Minor;6;Half Diminished;1;b;6;8;9;11;12;2;4;;F;G;Ab;Bb;B;Db;Eb;;dim;dim;min;min;aug;maj;maj;
235;7;Gb;Modes of Melodic Minor;6;Half Diminished;2;b;7;9;10;12;1;3;5;;Gb;Ab;A;B;C;D;E;;dim;dim;min;min;aug;maj;maj;
236;8;G;Modes of Melodic Minor;6;Half Diminished;3;;8;10;11;1;2;4;6;;G;A;A#;C;C#;D#;F;;dim;dim;min;min;aug;maj;maj;
237;9;Ab;Modes of Melodic Minor;6;Half Diminished;4;b;9;11;12;2;3;5;7;;Ab;Bb;B;Db;D;E;Gb;;dim;dim;min;min;aug;maj;maj;
238;10;A;Modes of Melodic Minor;6;Half Diminished;5;;10;12;1;3;4;6;8;;A;B;C;D;D#;F;G;;dim;dim;min;min;aug;maj;maj;
239;11;Bb;Modes of Melodic Minor;6;Half Diminished;6;b;11;1;2;4;5;7;9;;Bb;C;Db;Eb;E;Gb;Ab;;dim;dim;min;min;aug;maj;maj;
240;12;B;Modes of Melodic Minor;6;Half Diminished;7;;12;2;3;5;6;8;10;;B;C#;D;E;F;G;A;;dim;dim;min;min;aug;maj;maj;
241;1;C;Modes of Melodic Minor;7;Altered Scale;2;b;1;2;4;5;7;9;11;;C;Db;Eb;E;Gb;Ab;Bb;;dim;min;min;aug;maj;maj;dim;
242;2;C#;Modes of Melodic Minor;7;Altered Scale;3;;2;3;5;6;8;10;12;;C#;D;E;F;G;A;B;;dim;min;min;aug;maj;maj;dim;
243;3;D;Modes of Melodic Minor;7;Altered Scale;4;b;3;4;6;7;9;11;1;;D;Eb;F;Gb;Ab;Bb;C;;dim;min;min;aug;maj;maj;dim;
244;4;D#;Modes of Melodic Minor;7;Altered Scale;5;;4;5;7;8;10;12;2;;D#;E;F#;G;A;B;C#;;dim;min;min;aug;maj;maj;dim;
245;5;E;Modes of Melodic Minor;7;Altered Scale;6;b;5;6;8;9;11;1;3;;E;F;G;Ab;Bb;C;D;;dim;min;min;aug;maj;maj;dim;
246;6;F;Modes of Melodic Minor;7;Altered Scale;7;;6;7;9;10;12;2;4;;F;F#;G#;A;B;C#;D#;;dim;min;min;aug;maj;maj;dim;
247;7;F#;Modes of Melodic Minor;7;Altered Scale;8;;7;8;10;11;1;3;5;;F#;G;A;A#;C;D;E;;dim;min;min;aug;maj;maj;dim;
248;8;G;Modes of Melodic Minor;7;Altered Scale;9;b;8;9;11;12;2;4;6;;G;Ab;Bb;B;Db;Eb;F;;dim;min;min;aug;maj;maj;dim;
249;9;G#;Modes of Melodic Minor;7;Altered Scale;10;;9;10;12;1;3;5;7;;G#;A;B;C;D;E;F#;;dim;min;min;aug;maj;maj;dim;
250;10;A;Modes of Melodic Minor;7;Altered Scale;11;b;10;11;1;2;4;6;8;;A;Bb;C;Db;Eb;F;G;;dim;min;min;aug;maj;maj;dim;
251;11;A#;Modes of Melodic Minor;7;Altered Scale;12;;11;12;2;3;5;7;9;;A#;B;C#;D;E;F#;G#;;dim;min;min;aug;maj;maj;dim;
252;12;B;Modes of Melodic Minor;7;Altered Scale;1;b;12;1;3;4;6;8;10;;B;C;D;Eb;F;G;A;;dim;min;min;aug;maj;maj;dim;
253;1;C;Modes of the Pentatonic Scale;1;Major Pentatonic;1;b;1;3;5;8;10;;;;C;D;E;G;A;;;;;;;;;;;
254;2;Db;Modes of the Pentatonic Scale;1;Major Pentatonic;2;b;2;4;6;9;11;;;;Db;Eb;F;Ab;Bb;;;;;;;;;;;
255;3;D;Modes of the Pentatonic Scale;1;Major Pentatonic;3;;3;5;7;10;12;;;;D;E;F#;A;B;;;;;;;;;;;
256;4;Eb;Modes of the Pentatonic Scale;1;Major Pentatonic;4;b;4;6;8;11;1;;;;Eb;F;G;Bb;C;;;;;;;;;;;
257;5;E;Modes of the Pentatonic Scale;1;Major Pentatonic;5;;5;7;9;12;2;;;;E;F#;G#;B;C#;;;;;;;;;;;
258;6;F;Modes of the Pentatonic Scale;1;Major Pentatonic;6;b;6;8;10;1;3;;;;F;G;A;C;D;;;;;;;;;;;
259;7;F#;Modes of the Pentatonic Scale;1;Major Pentatonic;7;;7;9;11;2;4;;;;F#;G#;A#;C#;D#;;;;;;;;;;;
260;8;G;Modes of the Pentatonic Scale;1;Major Pentatonic;8;;8;10;12;3;5;;;;G;A;B;D;E;;;;;;;;;;;
261;9;Ab;Modes of the Pentatonic Scale;1;Major Pentatonic;9;b;9;11;1;4;6;;;;Ab;Bb;C;Eb;F;;;;;;;;;;;
262;10;A;Modes of the Pentatonic Scale;1;Major Pentatonic;10;;10;12;2;5;7;;;;A;B;C#;E;F#;;;;;;;;;;;
263;11;Bb;Modes of the Pentatonic Scale;1;Major Pentatonic;11;b;11;1;3;6;8;;;;Bb;C;D;F;G;;;;;;;;;;;
264;12;B;Modes of the Pentatonic Scale;1;Major Pentatonic;12;;12;2;4;7;9;;;;B;C#;D#;F#;G#;;;;;;;;;;;
265;1;C;Modes of the Pentatonic Scale;2;Suspended Pentatonic;11;b;1;3;6;8;11;;;;C;D;F;G;Bb;;;;;;;;;;;
266;2;C#;Modes of the Pentatonic Scale;2;Suspended Pentatonic;12;;2;4;7;9;12;;;;C#;D#;F#;G#;B;;;;;;;;;;;
267;3;D;Modes of the Pentatonic Scale;2;Suspended Pentatonic;1;b;3;5;8;10;1;;;;D;E;G;A;C;;;;;;;;;;;
268;4;Eb;Modes of the Pentatonic Scale;2;Suspended Pentatonic;2;b;4;6;9;11;2;;;;Eb;F;Ab;Bb;Db;;;;;;;;;;;
269;5;E;Modes of the Pentatonic Scale;2;Suspended Pentatonic;3;;5;7;10;12;3;;;;E;F#;A;B;D;;;;;;;;;;;
270;6;F;Modes of the Pentatonic Scale;2;Suspended Pentatonic;4;b;6;8;11;1;4;;;;F;G;Bb;C;Eb;;;;;;;;;;;
271;7;F#;Modes of the Pentatonic Scale;2;Suspended Pentatonic;5;;7;9;12;2;5;;;;F#;G#;B;C#;E;;;;;;;;;;;
272;8;G;Modes of the Pentatonic Scale;2;Suspended Pentatonic;6;b;8;10;1;3;6;;;;G;A;C;D;F;;;;;;;;;;;
273;9;G#;Modes of the Pentatonic Scale;2;Suspended Pentatonic;7;;9;11;2;4;7;;;;G#;A#;C#;D#;F#;;;;;;;;;;;
274;10;A;Modes of the Pentatonic Scale;2;Suspended Pentatonic;8;;10;12;3;5;8;;;;A;B;D;E;G;;;;;;;;;;;
275;11;Bb;Modes of the Pentatonic Scale;2;Suspended Pentatonic;9;b;11;1;4;6;9;;;;Bb;C;Eb;F;Ab;;;;;;;;;;;
276;12;B;Modes of the Pentatonic Scale;2;Suspended Pentatonic;10;;12;2;5;7;10;;;;B;C#;E;F#;A;;;;;;;;;;;
277;1;C;Modes of the Pentatonic Scale;3;Pentatonic Blues Minor;9;b;1;4;6;9;11;;;;C;Eb;F;Ab;Bb;;;;;;;;;;;
278;2;C#;Modes of the Pentatonic Scale;3;Pentatonic Blues Minor;10;;2;5;7;10;12;;;;C#;E;F#;A;B;;;;;;;;;;;
279;3;D;Modes of the Pentatonic Scale;3;Pentatonic Blues Minor;11;b;3;6;8;11;1;;;;D;F;G;Bb;C;;;;;;;;;;;
280;4;D#;Modes of the Pentatonic Scale;3;Pentatonic Blues Minor;12;;4;7;9;12;2;;;;D#;F#;G#;B;C#;;;;;;;;;;;
281;5;E;Modes of the Pentatonic Scale;3;Pentatonic Blues Minor;1;b;5;8;10;1;3;;;;E;G;A;C;D;;;;;;;;;;;
282;6;F;Modes of the Pentatonic Scale;3;Pentatonic Blues Minor;2;b;6;9;11;2;4;;;;F;Ab;Bb;Db;Eb;;;;;;;;;;;
283;7;F#;Modes of the Pentatonic Scale;3;Pentatonic Blues Minor;3;;7;10;12;3;5;;;;F#;A;B;D;E;;;;;;;;;;;
284;8;G;Modes of the Pentatonic Scale;3;Pentatonic Blues Minor;4;b;8;11;1;4;6;;;;G;Bb;C;Eb;F;;;;;;;;;;;
285;9;G#;Modes of the Pentatonic Scale;3;Pentatonic Blues Minor;5;;9;12;2;5;7;;;;G#;B;C#;E;F#;;;;;;;;;;;
286;10;A;Modes of the Pentatonic Scale;3;Pentatonic Blues Minor;6;b;10;1;3;6;8;;;;A;C;D;F;G;;;;;;;;;;;
287;11;A#;Modes of the Pentatonic Scale;3;Pentatonic Blues Minor;7;;11;2;4;7;9;;;;A#;C#;D#;F#;G#;;;;;;;;;;;
288;12;B;Modes of the Pentatonic Scale;3;Pentatonic Blues Minor;8;;12;3;5;8;10;;;;B;D;E;G;A;;;;;;;;;;;
289;1;C;Modes of the Pentatonic Scale;4;Pentatonic Blues Major;6;b;1;3;6;8;10;;;;C;D;F;G;A;;;;;;;;;;;
290;2;C#;Modes of the Pentatonic Scale;4;Pentatonic Blues Major;7;;2;4;7;9;11;;;;C#;D#;F#;G#;A#;;;;;;;;;;;
291;3;D;Modes of the Pentatonic Scale;4;Pentatonic Blues Major;8;;3;5;8;10;12;;;;D;E;G;A;B;;;;;;;;;;;
292;4;Eb;Modes of the Pentatonic Scale;4;Pentatonic Blues Major;9;b;4;6;9;11;1;;;;Eb;F;Ab;Bb;C;;;;;;;;;;;
293;5;E;Modes of the Pentatonic Scale;4;Pentatonic Blues Major;10;;5;7;10;12;2;;;;E;F#;A;B;C#;;;;;;;;;;;
294;6;F;Modes of the Pentatonic Scale;4;Pentatonic Blues Major;11;b;6;8;11;1;3;;;;F;G;Bb;C;D;;;;;;;;;;;
295;7;F#;Modes of the Pentatonic Scale;4;Pentatonic Blues Major;12;;7;9;12;2;4;;;;F#;G#;B;C#;D#;;;;;;;;;;;
296;8;G;Modes of the Pentatonic Scale;4;Pentatonic Blues Major;1;b;8;10;1;3;5;;;;G;A;C;D;E;;;;;;;;;;;
297;9;Ab;Modes of the Pentatonic Scale;4;Pentatonic Blues Major;2;b;9;11;2;4;6;;;;Ab;Bb;Db;Eb;F;;;;;;;;;;;
298;10;A;Modes of the Pentatonic Scale;4;Pentatonic Blues Major;3;;10;12;3;5;7;;;;A;B;D;E;F#;;;;;;;;;;;
299;11;Bb;Modes of the Pentatonic Scale;4;Pentatonic Blues Major;4;b;11;1;4;6;8;;;;Bb;C;Eb;F;G;;;;;;;;;;;
300;12;B;Modes of the Pentatonic Scale;4;Pentatonic Blues Major;5;;12;2;5;7;9;;;;B;C#;E;F#;G#;;;;;;;;;;;
301;1;C;Modes of the Pentatonic Scale;5;Minor Pentatonic;4;b;1;4;6;8;11;;;;C;Eb;F;G;Bb;;;;;;;;;;;
302;2;C#;Modes of the Pentatonic Scale;5;Minor Pentatonic;5;;2;5;7;9;12;;;;C#;E;F#;G#;B;;;;;;;;;;;
303;3;D;Modes of the Pentatonic Scale;5;Minor Pentatonic;6;b;3;6;8;10;1;;;;D;F;G;A;C;;;;;;;;;;;
304;4;D#;Modes of the Pentatonic Scale;5;Minor Pentatonic;7;;4;7;9;11;2;;;;D#;F#;G#;A#;C#;;;;;;;;;;;
305;5;E;Modes of the Pentatonic Scale;5;Minor Pentatonic;8;;5;8;10;12;3;;;;E;G;A;B;D;;;;;;;;;;;
306;6;F;Modes of the Pentatonic Scale;5;Minor Pentatonic;9;b;6;9;11;1;4;;;;F;Ab;Bb;C;Eb;;;;;;;;;;;
307;7;F#;Modes of the Pentatonic Scale;5;Minor Pentatonic;10;;7;10;12;2;5;;;;F#;A;B;C#;E;;;;;;;;;;;
308;8;G;Modes of the Pentatonic Scale;5;Minor Pentatonic;11;b;8;11;1;3;6;;;;G;Bb;C;D;F;;;;;;;;;;;
309;9;G#;Modes of the Pentatonic Scale;5;Minor Pentatonic;12;;9;12;2;4;7;;;;G#;B;C#;D#;F#;;;;;;;;;;;
310;10;A;Modes of the Pentatonic Scale;5;Minor Pentatonic;1;b;10;1;3;5;8;;;;A;C;D;E;G;;;;;;;;;;;
311;11;Bb;Modes of the Pentatonic Scale;5;Minor Pentatonic;2;b;11;2;4;6;9;;;;Bb;Db;Eb;F;Ab;;;;;;;;;;;
312;12;B;Modes of the Pentatonic Scale;5;Minor Pentatonic;3;;12;3;5;7;10;;;;B;D;E;F#;A;;;;;;;;;;;
313;1;C;Hexatonic Scales;1;Augmented Scale;1;b;1;4;5;8;9;12;;;C;Eb;E;G;Ab;B;;;aug;aug;aug;aug;aug;aug;;
314;2;Db;Hexatonic Scales;1;Augmented Scale;2;b;2;5;6;9;10;1;;;Db;E;F;Ab;A;C;;;aug;aug;aug;aug;aug;aug;;
315;3;D;Hexatonic Scales;1;Augmented Scale;3;;3;6;7;10;11;2;;;D;F;F#;A;A#;C#;;;aug;aug;aug;aug;aug;aug;;
316;4;Eb;Hexatonic Scales;1;Augmented Scale;4;b;4;7;8;11;12;3;;;Eb;Gb;G;Bb;B;D;;;aug;aug;aug;aug;aug;aug;;
317;5;E;Hexatonic Scales;1;Augmented Scale;5;;5;8;9;12;1;4;;;E;G;G#;B;C;D#;;;aug;aug;aug;aug;aug;aug;;
318;6;F;Hexatonic Scales;1;Augmented Scale;6;b;6;9;10;1;2;5;;;F;Ab;A;C;Db;E;;;aug;aug;aug;aug;aug;aug;;
319;7;F#;Hexatonic Scales;1;Augmented Scale;7;;7;10;11;2;3;6;;;F#;A;A#;C#;D;F;;;aug;aug;aug;aug;aug;aug;;
320;8;G;Hexatonic Scales;1;Augmented Scale;8;;8;11;12;3;4;7;;;G;A#;B;D;D#;F#;;;aug;aug;aug;aug;aug;aug;;
321;9;Ab;Hexatonic Scales;1;Augmented Scale;9;b;9;12;1;4;5;8;;;Ab;B;C;Eb;E;G;;;aug;aug;aug;aug;aug;aug;;
322;10;A;Hexatonic Scales;1;Augmented Scale;10;;10;1;2;5;6;9;;;A;C;C#;E;F;G#;;;aug;aug;aug;aug;aug;aug;;
323;11;Bb;Hexatonic Scales;1;Augmented Scale;11;b;11;2;3;6;7;10;;;Bb;Db;D;F;Gb;A;;;aug;aug;aug;aug;aug;aug;;
324;12;B;Hexatonic Scales;1;Augmented Scale;12;;12;3;4;7;8;11;;;B;D;D#;F#;G;A#;;;aug;aug;aug;aug;aug;aug;;
325;1;C;Hexatonic Scales;2;Whole-Tone Scale;1;b;1;3;5;7;9;11;;;C;D;E;Gb;Ab;Bb;;;aug;aug;aug;aug;aug;aug;;
326;2;Db;Hexatonic Scales;2;Whole-Tone Scale;2;b;2;4;6;8;10;12;;;Db;Eb;F;G;A;B;;;aug;aug;aug;aug;aug;aug;;
327;3;D;Hexatonic Scales;2;Whole-Tone Scale;3;;3;5;7;9;11;1;;;D;E;F#;G#;A#;C;;;aug;aug;aug;aug;aug;aug;;
328;4;Eb;Hexatonic Scales;2;Whole-Tone Scale;4;b;4;6;8;10;12;2;;;Eb;F;G;A;B;Db;;;aug;aug;aug;aug;aug;aug;;
329;5;E;Hexatonic Scales;2;Whole-Tone Scale;5;;5;7;9;11;1;3;;;E;F#;G#;A#;C;D;;;aug;aug;aug;aug;aug;aug;;
330;6;F;Hexatonic Scales;2;Whole-Tone Scale;6;b;6;8;10;12;2;4;;;F;G;A;B;Db;Eb;;;aug;aug;aug;aug;aug;aug;;
331;7;F#;Hexatonic Scales;2;Whole-Tone Scale;7;;7;9;11;1;3;5;;;F#;G#;A#;C;D;E;;;aug;aug;aug;aug;aug;aug;;
332;8;G;Hexatonic Scales;2;Whole-Tone Scale;8;;8;10;12;2;4;6;;;G;A;B;C#;D#;F;;;aug;aug;aug;aug;aug;aug;;
333;9;Ab;Hexatonic Scales;2;Whole-Tone Scale;9;b;9;11;1;3;5;7;;;Ab;Bb;C;D;E;Gb;;;aug;aug;aug;aug;aug;aug;;
334;10;A;Hexatonic Scales;2;Whole-Tone Scale;10;;10;12;2;4;6;8;;;A;B;C#;D#;F;G;;;aug;aug;aug;aug;aug;aug;;
335;11;Bb;Hexatonic Scales;2;Whole-Tone Scale;11;b;11;1;3;5;7;9;;;Bb;C;D;E;Gb;Ab;;;aug;aug;aug;aug;aug;aug;;
336;12;B;Hexatonic Scales;2;Whole-Tone Scale;12;;12;2;4;6;8;10;;;B;C#;D#;F;G;A;;;aug;aug;aug;aug;aug;aug;;
337;1;C;Hexatonic Scales;3;Blues Minor Scale;4;b;1;4;6;7;8;11;;;C;Eb;F;Gb;G;Bb;;;;;;;;;;
338;2;C#;Hexatonic Scales;3;Blues Minor Scale;5;;2;5;7;8;9;12;;;C#;E;F#;G;G#;B;;;;;;;;;;
339;3;D;Hexatonic Scales;3;Blues Minor Scale;6;b;3;6;8;9;10;1;;;D;F;G;Ab;A;C;;;;;;;;;;
340;4;D#;Hexatonic Scales;3;Blues Minor Scale;7;;4;7;9;10;11;2;;;D#;F#;G#;A;A#;C#;;;;;;;;;;
341;5;E;Hexatonic Scales;3;Blues Minor Scale;8;;5;8;10;11;12;3;;;E;G;A;A#;B;D;;;;;;;;;;
342;6;F;Hexatonic Scales;3;Blues Minor Scale;9;b;6;9;11;12;1;4;;;F;Ab;Bb;B;C;Eb;;;;;;;;;;
343;7;F#;Hexatonic Scales;3;Blues Minor Scale;10;;7;10;12;1;2;5;;;F#;A;B;C;C#;E;;;;;;;;;;
344;8;G;Hexatonic Scales;3;Blues Minor Scale;11;b;8;11;1;2;3;6;;;G;Bb;C;Db;D;F;;;;;;;;;;
345;9;G#;Hexatonic Scales;3;Blues Minor Scale;12;;9;12;2;3;4;7;;;G#;B;C#;D;D#;F#;;;;;;;;;;
346;10;A;Hexatonic Scales;3;Blues Minor Scale;1;b;10;1;3;4;5;8;;;A;C;D;Eb;E;G;;;;;;;;;;
347;11;Bb;Hexatonic Scales;3;Blues Minor Scale;2;b;11;2;4;5;6;9;;;Bb;Db;Eb;E;F;Ab;;;;;;;;;;
348;12;B;Hexatonic Scales;3;Blues Minor Scale;3;;12;3;5;6;7;10;;;B;D;E;F;F#;A;;;;;;;;;;
349;1;C;Hexatonic Scales;4;Blues Major Scale;1;b;1;3;4;5;8;10;;;C;D;Eb;E;G;A;;;;;;;;;;
350;2;Db;Hexatonic Scales;4;Blues Major Scale;2;b;2;4;5;6;9;11;;;Db;Eb;E;F;Ab;Bb;;;;;;;;;;
351;3;D;Hexatonic Scales;4;Blues Major Scale;3;;3;5;6;7;10;12;;;D;E;F;F#;A;B;;;;;;;;;;
352;4;Eb;Hexatonic Scales;4;Blues Major Scale;4;b;4;6;7;8;11;1;;;Eb;F;Gb;G;Bb;C;;;;;;;;;;
353;5;E;Hexatonic Scales;4;Blues Major Scale;5;;5;7;8;9;12;2;;;E;F#;G;G#;B;C#;;;;;;;;;;
354;6;F;Hexatonic Scales;4;Blues Major Scale;6;b;6;8;9;10;1;3;;;F;G;Ab;A;C;D;;;;;;;;;;
355;7;F#;Hexatonic Scales;4;Blues Major Scale;7;;7;9;10;11;2;4;;;F#;G#;A;A#;C#;D#;;;;;;;;;;
356;8;G;Hexatonic Scales;4;Blues Major Scale;8;;8;10;11;12;3;5;;;G;A;A#;B;D;E;;;;;;;;;;
357;9;Ab;Hexatonic Scales;4;Blues Major Scale;9;b;9;11;12;1;4;6;;;Ab;Bb;B;C;Eb;F;;;;;;;;;;
358;10;A;Hexatonic Scales;4;Blues Major Scale;10;;10;12;1;2;5;7;;;A;B;C;C#;E;F#;;;;;;;;;;
359;11;Bb;Hexatonic Scales;4;Blues Major Scale;11;b;11;1;2;3;6;8;;;Bb;C;Db;D;F;G;;;;;;;;;;
360;12;B;Hexatonic Scales;4;Blues Major Scale;12;;12;2;3;4;7;9;;;B;C#;D;D#;F#;G#;;;;;;;;;;
361;1;C;Diminished Scales;1;Half-Whole Diminished Scale;1;b;1;2;4;5;7;8;10;11;C;Db;Eb;E;Gb;G;A;Bb;dim;dim;dim;dim;dim;dim;dim;dim
362;2;Db;Diminished Scales;1;Half-Whole Diminished Scale;2;b;2;3;5;6;8;9;11;12;Db;D;E;F;G;Ab;Bb;B;dim;dim;dim;dim;dim;dim;dim;dim
363;3;D;Diminished Scales;1;Half-Whole Diminished Scale;3;;3;4;6;7;9;10;12;1;D;D#;F;F#;G#;A;B;C;dim;dim;dim;dim;dim;dim;dim;dim
364;4;Eb;Diminished Scales;1;Half-Whole Diminished Scale;4;b;4;5;7;8;10;11;1;2;Eb;E;Gb;G;A;Bb;C;Db;dim;dim;dim;dim;dim;dim;dim;dim
365;5;E;Diminished Scales;1;Half-Whole Diminished Scale;5;;5;6;8;9;11;12;2;3;E;F;G;G#;A#;B;C#;D;dim;dim;dim;dim;dim;dim;dim;dim
366;6;F;Diminished Scales;1;Half-Whole Diminished Scale;6;b;6;7;9;10;12;1;3;4;F;Gb;Ab;A;B;C;D;Eb;dim;dim;dim;dim;dim;dim;dim;dim
367;7;F#;Diminished Scales;1;Half-Whole Diminished Scale;7;;7;8;10;11;1;2;4;5;F#;G;A;A#;C;C#;D#;E;dim;dim;dim;dim;dim;dim;dim;dim
368;8;G;Diminished Scales;1;Half-Whole Diminished Scale;8;;8;9;11;12;2;3;5;6;G;G#;A#;B;C#;D;E;F;dim;dim;dim;dim;dim;dim;dim;dim
369;9;Ab;Diminished Scales;1;Half-Whole Diminished Scale;9;b;9;10;12;1;3;4;6;7;Ab;A;B;C;D;Eb;F;Gb;dim;dim;dim;dim;dim;dim;dim;dim
370;10;A;Diminished Scales;1;Half-Whole Diminished Scale;10;;10;11;1;2;4;5;7;8;A;A#;C;C#;D#;E;F#;G;dim;dim;dim;dim;dim;dim;dim;dim
371;11;Bb;Diminished Scales;1;Half-Whole Diminished Scale;11;b;11;12;2;3;5;6;8;9;Bb;B;Db;D;E;F;G;Ab;dim;dim;dim;dim;dim;dim;dim;dim
372;12;B;Diminished Scales;1;Half-Whole Diminished Scale;12;;12;1;3;4;6;7;9;10;B;C;D;D#;F;F#;G#;A;dim;dim;dim;dim;dim;dim;dim;dim
373;1;C;Diminished Scales;2;Whole-Half Diminished Scale;1;b;1;3;4;6;7;9;10;12;C;D;Eb;F;Gb;Ab;A;B;dim;dim;dim;dim;dim;dim;dim;dim
374;2;Db;Diminished Scales;2;Whole-Half Diminished Scale;2;b;2;4;5;7;8;10;11;1;Db;Eb;E;Gb;G;A;Bb;C;dim;dim;dim;dim;dim;dim;dim;dim
375;3;D;Diminished Scales;2;Whole-Half Diminished Scale;3;;3;5;6;8;9;11;12;2;D;E;F;G;G#;A#;B;C#;dim;dim;dim;dim;dim;dim;dim;dim
376;4;Eb;Diminished Scales;2;Whole-Half Diminished Scale;4;b;4;6;7;9;10;12;1;3;Eb;F;Gb;Ab;A;B;C;D;dim;dim;dim;dim;dim;dim;dim;dim
377;5;E;Diminished Scales;2;Whole-Half Diminished Scale;5;;5;7;8;10;11;1;2;4;E;F#;G;A;A#;C;C#;D#;dim;dim;dim;dim;dim;dim;dim;dim
378;6;F;Diminished Scales;2;Whole-Half Diminished Scale;6;b;6;8;9;11;12;2;3;5;F;G;Ab;Bb;B;Db;D;E;dim;dim;dim;dim;dim;dim;dim;dim
379;7;F#;Diminished Scales;2;Whole-Half Diminished Scale;7;;7;9;10;12;1;3;4;6;F#;G#;A;B;C;D;D#;F;dim;dim;dim;dim;dim;dim;dim;dim
380;8;G;Diminished Scales;2;Whole-Half Diminished Scale;8;;8;10;11;1;2;4;5;7;G;A;A#;C;C#;D#;E;F#;dim;dim;dim;dim;dim;dim;dim;dim
381;9;Ab;Diminished Scales;2;Whole-Half Diminished Scale;9;b;9;11;12;2;3;5;6;8;Ab;Bb;B;Db;D;E;F;G;dim;dim;dim;dim;dim;dim;dim;dim
382;10;A;Diminished Scales;2;Whole-Half Diminished Scale;10;;10;12;1;3;4;6;7;9;A;B;C;D;D#;F;F#;G#;dim;dim;dim;dim;dim;dim;dim;dim
383;11;Bb;Diminished Scales;2;Whole-Half Diminished Scale;11;b;11;1;2;4;5;7;8;10;Bb;C;Db;Eb;E;Gb;G;A;dim;dim;dim;dim;dim;dim;dim;dim
384;12;B;Diminished Scales;2;Whole-Half Diminished Scale;12;;12;2;3;5;6;8;9;11;B;C#;D;E;F;G;G#;A#;dim;dim;dim;dim;dim;dim;dim;dim
385;1;C;Modes of Harmonic Major;1;Harmonic Major;4;b;1;3;5;6;8;9;12;;C;D;E;F;G;Ab;B;;maj;dim;min;min;maj;aug;dim;
386;2;C#;Modes of Harmonic Major;1;Harmonic Major;5;;2;4;6;7;9;10;1;;C#;D#;F;F#;G#;A;C;;maj;dim;min;min;maj;aug;dim;
387;3;D;Modes of Harmonic Major;1;Harmonic Major;6;b;3;5;7;8;10;11;2;;D;E;Gb;G;A;Bb;Db;;maj;dim;min;min;maj;aug;dim;
388;4;D#;Modes of Harmonic Major;1;Harmonic Major;7;;4;6;8;9;11;12;3;;D#;F;G;G#;A#;B;D;;maj;dim;min;min;maj;aug;dim;
389;5;E;Modes of Harmonic Major;1;Harmonic Major;8;;5;7;9;10;12;1;4;;E;F#;G#;A;B;C;D#;;maj;dim;min;min;maj;aug;dim;
390;6;F;Modes of Harmonic Major;1;Harmonic Major;9;b;6;8;10;11;1;2;5;;F;G;A;Bb;C;Db;E;;maj;dim;min;min;maj;aug;dim;
391;7;F#;Modes of Harmonic Major;1;Harmonic Major;10;;7;9;11;12;2;3;6;;F#;G#;A#;B;C#;D;F;;maj;dim;min;min;maj;aug;dim;
392;8;G;Modes of Harmonic Major;1;Harmonic Major;11;b;8;10;12;1;3;4;7;;G;A;B;C;D;Eb;Gb;;maj;dim;min;min;maj;aug;dim;
393;9;G#;Modes of Harmonic Major;1;Harmonic Major;12;;9;11;1;2;4;5;8;;G#;A#;C;C#;D#;E;G;;maj;dim;min;min;maj;aug;dim;
394;10;A;Modes of Harmonic Major;1;Harmonic Major;1;b;10;12;2;3;5;6;9;;A;B;Db;D;E;F;Ab;;maj;dim;min;min;maj;aug;dim;
395;11;Bb;Modes of Harmonic Major;1;Harmonic Major;2;b;11;1;3;4;6;7;10;;Bb;C;D;Eb;F;Gb;A;;maj;dim;min;min;maj;aug;dim;
396;12;B;Modes of Harmonic Major;1;Harmonic Major;3;;12;2;4;5;7;8;11;;B;C#;D#;E;F#;G;A#;;maj;dim;min;min;maj;aug;dim;
397;1;C;Modes of Harmonic Major;2;Dorian b5;7;;1;3;4;6;7;10;11;;C;D;D#;F;F#;A;A#;;dim;min;min;maj;aug;dim;maj;
398;2;C#;Modes of Harmonic Major;2;Dorian b5;8;;2;4;5;7;8;11;12;;C#;D#;E;F#;G;A#;B;;dim;min;min;maj;aug;dim;maj;
399;3;D;Modes of Harmonic Major;2;Dorian b5;9;b;3;5;6;8;9;12;1;;D;E;F;G;Ab;B;C;;dim;min;min;maj;aug;dim;maj;
400;4;D#;Modes of Harmonic Major;2;Dorian b5;10;;4;6;7;9;10;1;2;;D#;F;F#;G#;A;C;C#;;dim;min;min;maj;aug;dim;maj;
401;5;E;Modes of Harmonic Major;2;Dorian b5;11;b;5;7;8;10;11;2;3;;E;Gb;G;A;Bb;Db;D;;dim;min;min;maj;aug;dim;maj;
402;6;F;Modes of Harmonic Major;2;Dorian b5;12;;6;8;9;11;12;3;4;;F;G;G#;A#;B;D;D#;;dim;min;min;maj;aug;dim;maj;
403;7;Gb;Modes of Harmonic Major;2;Dorian b5;1;b;7;9;10;12;1;4;5;;Gb;Ab;A;B;C;Eb;E;;dim;min;min;maj;aug;dim;maj;
404;8;G;Modes of Harmonic Major;2;Dorian b5;2;b;8;10;11;1;2;5;6;;G;A;Bb;C;Db;E;F;;dim;min;min;maj;aug;dim;maj;
405;9;G#;Modes of Harmonic Major;2;Dorian b5;3;;9;11;12;2;3;6;7;;G#;A#;B;C#;D;F;F#;;dim;min;min;maj;aug;dim;maj;
406;10;A;Modes of Harmonic Major;2;Dorian b5;4;b;10;12;1;3;4;7;8;;A;B;C;D;Eb;Gb;G;;dim;min;min;maj;aug;dim;maj;
407;11;A#;Modes of Harmonic Major;2;Dorian b5;5;;11;1;2;4;5;8;9;;A#;C;C#;D#;E;G;G#;;dim;min;min;maj;aug;dim;maj;
408;12;B;Modes of Harmonic Major;2;Dorian b5;6;b;12;2;3;5;6;9;10;;B;Db;D;E;F;Ab;A;;dim;min;min;maj;aug;dim;maj;
409;1;C;Modes of Harmonic Major;3;Phrygian b4;9;b;1;2;4;5;8;9;11;;C;Db;Eb;E;G;Ab;Bb;;min;min;maj;aug;dim;maj;dim;
410;2;C#;Modes of Harmonic Major;3;Phrygian b4;10;;2;3;5;6;9;10;12;;C#;D;E;F;G#;A;B;;min;min;maj;aug;dim;maj;dim;
411;3;D;Modes of Harmonic Major;3;Phrygian b4;11;b;3;4;6;7;10;11;1;;D;Eb;F;Gb;A;Bb;C;;min;min;maj;aug;dim;maj;dim;
412;4;D#;Modes of Harmonic Major;3;Phrygian b4;12;;4;5;7;8;11;12;2;;D#;E;F#;G;A#;B;C#;;min;min;maj;aug;dim;maj;dim;
413;5;E;Modes of Harmonic Major;3;Phrygian b4;1;b;5;6;8;9;12;1;3;;E;F;G;Ab;B;C;D;;min;min;maj;aug;dim;maj;dim;
414;6;F;Modes of Harmonic Major;3;Phrygian b4;2;b;6;7;9;10;1;2;4;;F;Gb;Ab;A;C;Db;Eb;;min;min;maj;aug;dim;maj;dim;
415;7;F#;Modes of Harmonic Major;3;Phrygian b4;3;;7;8;10;11;2;3;5;;F#;G;A;A#;C#;D;E;;min;min;maj;aug;dim;maj;dim;
416;8;G;Modes of Harmonic Major;3;Phrygian b4;4;b;8;9;11;12;3;4;6;;G;Ab;Bb;B;D;Eb;F;;min;min;maj;aug;dim;maj;dim;
417;9;G#;Modes of Harmonic Major;3;Phrygian b4;5;;9;10;12;1;4;5;7;;G#;A;B;C;D#;E;F#;;min;min;maj;aug;dim;maj;dim;
418;10;A;Modes of Harmonic Major;3;Phrygian b4;6;b;10;11;1;2;5;6;8;;A;Bb;C;Db;E;F;G;;min;min;maj;aug;dim;maj;dim;
419;11;A#;Modes of Harmonic Major;3;Phrygian b4;7;;11;12;2;3;6;7;9;;A#;B;C#;D;F;F#;G#;;min;min;maj;aug;dim;maj;dim;
420;12;B;Modes of Harmonic Major;3;Phrygian b4;8;;12;1;3;4;7;8;10;;B;C;D;D#;F#;G;A;;min;min;maj;aug;dim;maj;dim;
421;1;C;Modes of Harmonic Major;4;Melodic Minor s4;4;b;1;3;4;7;8;10;12;;C;D;Eb;Gb;G;A;B;;min;maj;aug;dim;maj;dim;min;
422;2;C#;Modes of Harmonic Major;4;Melodic Minor s4;5;;2;4;5;8;9;11;1;;C#;D#;E;G;G#;A#;C;;min;maj;aug;dim;maj;dim;min;
423;3;D;Modes of Harmonic Major;4;Melodic Minor s4;6;b;3;5;6;9;10;12;2;;D;E;F;Ab;A;B;Db;;min;maj;aug;dim;maj;dim;min;
424;4;D#;Modes of Harmonic Major;4;Melodic Minor s4;7;;4;6;7;10;11;1;3;;D#;F;F#;A;A#;C;D;;min;maj;aug;dim;maj;dim;min;
425;5;E;Modes of Harmonic Major;4;Melodic Minor s4;8;;5;7;8;11;12;2;4;;E;F#;G;A#;B;C#;D#;;min;maj;aug;dim;maj;dim;min;
426;6;F;Modes of Harmonic Major;4;Melodic Minor s4;9;b;6;8;9;12;1;3;5;;F;G;Ab;B;C;D;E;;min;maj;aug;dim;maj;dim;min;
427;7;F#;Modes of Harmonic Major;4;Melodic Minor s4;10;;7;9;10;1;2;4;6;;F#;G#;A;C;C#;D#;F;;min;maj;aug;dim;maj;dim;min;
428;8;G;Modes of Harmonic Major;4;Melodic Minor s4;11;b;8;10;11;2;3;5;7;;G;A;Bb;Db;D;E;Gb;;min;maj;aug;dim;maj;dim;min;
429;9;G#;Modes of Harmonic Major;4;Melodic Minor s4;12;;9;11;12;3;4;6;8;;G#;A#;B;D;D#;F;G;;min;maj;aug;dim;maj;dim;min;
430;10;A;Modes of Harmonic Major;4;Melodic Minor s4;1;b;10;12;1;4;5;7;9;;A;B;C;Eb;E;Gb;Ab;;min;maj;aug;dim;maj;dim;min;
431;11;Bb;Modes of Harmonic Major;4;Melodic Minor s4;2;b;11;1;2;5;6;8;10;;Bb;C;Db;E;F;G;A;;min;maj;aug;dim;maj;dim;min;
432;12;B;Modes of Harmonic Major;4;Melodic Minor s4;3;;12;2;3;6;7;9;11;;B;C#;D;F;F#;G#;A#;;min;maj;aug;dim;maj;dim;min;
433;1;C;Modes of Harmonic Major;5;Mixolydian b2;6;b;1;2;5;6;8;10;11;;C;Db;E;F;G;A;Bb;;maj;aug;dim;maj;dim;min;min;
434;2;C#;Modes of Harmonic Major;5;Mixolydian b2;7;;2;3;6;7;9;11;12;;C#;D;F;F#;G#;A#;B;;maj;aug;dim;maj;dim;min;min;
435;3;D;Modes of Harmonic Major;5;Mixolydian b2;8;;3;4;7;8;10;12;1;;D;D#;F#;G;A;B;C;;maj;aug;dim;maj;dim;min;min;
436;4;Eb;Modes of Harmonic Major;5;Mixolydian b2;9;b;4;5;8;9;11;1;2;;Eb;E;G;Ab;Bb;C;Db;;maj;aug;dim;maj;dim;min;min;
437;5;E;Modes of Harmonic Major;5;Mixolydian b2;10;;5;6;9;10;12;2;3;;E;F;G#;A;B;C#;D;;maj;aug;dim;maj;dim;min;min;
438;6;F;Modes of Harmonic Major;5;Mixolydian b2;11;b;6;7;10;11;1;3;4;;F;Gb;A;Bb;C;D;Eb;;maj;aug;dim;maj;dim;min;min;
439;7;F#;Modes of Harmonic Major;5;Mixolydian b2;12;;7;8;11;12;2;4;5;;F#;G;A#;B;C#;D#;E;;maj;aug;dim;maj;dim;min;min;
440;8;G;Modes of Harmonic Major;5;Mixolydian b2;1;b;8;9;12;1;3;5;6;;G;Ab;B;C;D;E;F;;maj;aug;dim;maj;dim;min;min;
441;9;Ab;Modes of Harmonic Major;5;Mixolydian b2;2;b;9;10;1;2;4;6;7;;Ab;A;C;Db;Eb;F;Gb;;maj;aug;dim;maj;dim;min;min;
442;10;A;Modes of Harmonic Major;5;Mixolydian b2;3;;10;11;2;3;5;7;8;;A;A#;C#;D;E;F#;G;;maj;aug;dim;maj;dim;min;min;
443;11;Bb;Modes of Harmonic Major;5;Mixolydian b2;4;b;11;12;3;4;6;8;9;;Bb;B;D;Eb;F;G;Ab;;maj;aug;dim;maj;dim;min;min;
444;12;B;Modes of Harmonic Major;5;Mixolydian b2;5;;12;1;4;5;7;9;10;;B;C;D#;E;F#;G#;A;;maj;aug;dim;maj;dim;min;min;
445;1;C;Modes of Harmonic Major;6;Lydian Augmented s2;8;;1;4;5;7;9;10;12;;C;D#;E;F#;G#;A;B;;aug;dim;maj;dim;min;min;maj;
446;2;Db;Modes of Harmonic Major;6;Lydian Augmented s2;9;b;2;5;6;8;10;11;1;;Db;E;F;G;A;Bb;C;;aug;dim;maj;dim;min;min;maj;
447;3;D;Modes of Harmonic Major;6;Lydian Augmented s2;10;;3;6;7;9;11;12;2;;D;F;F#;G#;A#;B;C#;;aug;dim;maj;dim;min;min;maj;
448;4;Eb;Modes of Harmonic Major;6;Lydian Augmented s2;11;b;4;7;8;10;12;1;3;;Eb;Gb;G;A;B;C;D;;aug;dim;maj;dim;min;min;maj;
449;5;E;Modes of Harmonic Major;6;Lydian Augmented s2;12;;5;8;9;11;1;2;4;;E;G;G#;A#;C;C#;D#;;aug;dim;maj;dim;min;min;maj;
450;6;F;Modes of Harmonic Major;6;Lydian Augmented s2;1;b;6;9;10;12;2;3;5;;F;Ab;A;B;Db;D;E;;aug;dim;maj;dim;min;min;maj;
451;7;Gb;Modes of Harmonic Major;6;Lydian Augmented s2;2;b;7;10;11;1;3;4;6;;Gb;A;Bb;C;D;Eb;F;;aug;dim;maj;dim;min;min;maj;
452;8;G;Modes of Harmonic Major;6;Lydian Augmented s2;3;;8;11;12;2;4;5;7;;G;A#;B;C#;D#;E;F#;;aug;dim;maj;dim;min;min;maj;
453;9;Ab;Modes of Harmonic Major;6;Lydian Augmented s2;4;b;9;12;1;3;5;6;8;;Ab;B;C;D;E;F;G;;aug;dim;maj;dim;min;min;maj;
454;10;A;Modes of Harmonic Major;6;Lydian Augmented s2;5;;10;1;2;4;6;7;9;;A;C;C#;D#;F;F#;G#;;aug;dim;maj;dim;min;min;maj;
455;11;Bb;Modes of Harmonic Major;6;Lydian Augmented s2;6;b;11;2;3;5;7;8;10;;Bb;Db;D;E;Gb;G;A;;aug;dim;maj;dim;min;min;maj;
456;12;B;Modes of Harmonic Major;6;Lydian Augmented s2;7;;12;3;4;6;8;9;11;;B;D;D#;F;G;G#;A#;;aug;dim;maj;dim;min;min;maj;
457;1;C;Modes of Harmonic Major;7;Locrian ff7;2;b;1;2;4;6;7;9;10;;C;Db;Eb;F;Gb;Ab;A;;dim;maj;dim;min;min;maj;aug;
458;2;C#;Modes of Harmonic Major;7;Locrian ff7;3;;2;3;5;7;8;10;11;;C#;D;E;F#;G;A;A#;;dim;maj;dim;min;min;maj;aug;
459;3;D;Modes of Harmonic Major;7;Locrian ff7;4;b;3;4;6;8;9;11;12;;D;Eb;F;G;Ab;Bb;B;;dim;maj;dim;min;min;maj;aug;
460;4;D#;Modes of Harmonic Major;7;Locrian ff7;5;;4;5;7;9;10;12;1;;D#;E;F#;G#;A;B;C;;dim;maj;dim;min;min;maj;aug;
461;5;E;Modes of Harmonic Major;7;Locrian ff7;6;b;5;6;8;10;11;1;2;;E;F;G;A;Bb;C;Db;;dim;maj;dim;min;min;maj;aug;
462;6;F;Modes of Harmonic Major;7;Locrian ff7;7;;6;7;9;11;12;2;3;;F;F#;G#;A#;B;C#;D;;dim;maj;dim;min;min;maj;aug;
463;7;F#;Modes of Harmonic Major;7;Locrian ff7;8;;7;8;10;12;1;3;4;;F#;G;A;B;C;D;D#;;dim;maj;dim;min;min;maj;aug;
464;8;G;Modes of Harmonic Major;7;Locrian ff7;9;b;8;9;11;1;2;4;5;;G;Ab;Bb;C;Db;Eb;E;;dim;maj;dim;min;min;maj;aug;
465;9;G#;Modes of Harmonic Major;7;Locrian ff7;10;;9;10;12;2;3;5;6;;G#;A;B;C#;D;E;F;;dim;maj;dim;min;min;maj;aug;
466;10;A;Modes of Harmonic Major;7;Locrian ff7;11;b;10;11;1;3;4;6;7;;A;Bb;C;D;Eb;F;Gb;;dim;maj;dim;min;min;maj;aug;
467;11;A#;Modes of Harmonic Major;7;Locrian ff7;12;;11;12;2;4;5;7;8;;A#;B;C#;D#;E;F#;G;;dim;maj;dim;min;min;maj;aug;
468;12;B;Modes of Harmonic Major;7;Locrian ff7;1;b;12;1;3;5;6;8;9;;B;C;D;E;F;G;Ab;;dim;maj;dim;min;min;maj;aug;
469;1;C;Modes of Double Harmonic Scale;1;Double Harmonic Major;4;b;1;2;5;6;8;9;12;;C;Db;E;F;G;Ab;B;;;;;;;;;
470;2;C#;Modes of Double Harmonic Scale;1;Double Harmonic Major;5;;2;3;6;7;9;10;1;;C#;D;F;F#;G#;A;C;;;;;;;;;
471;3;D;Modes of Double Harmonic Scale;1;Double Harmonic Major;6;b;3;4;7;8;10;11;2;;D;Eb;Gb;G;A;Bb;Db;;;;;;;;;
472;4;D#;Modes of Double Harmonic Scale;1;Double Harmonic Major;7;;4;5;8;9;11;12;3;;D#;E;G;G#;A#;B;D;;;;;;;;;
473;5;E;Modes of Double Harmonic Scale;1;Double Harmonic Major;8;;5;6;9;10;12;1;4;;E;F;G#;A;B;C;D#;;;;;;;;;
474;6;F;Modes of Double Harmonic Scale;1;Double Harmonic Major;9;b;6;7;10;11;1;2;5;;F;Gb;A;Bb;C;Db;E;;;;;;;;;
475;7;F#;Modes of Double Harmonic Scale;1;Double Harmonic Major;10;;7;8;11;12;2;3;6;;F#;G;A#;B;C#;D;F;;;;;;;;;
476;8;G;Modes of Double Harmonic Scale;1;Double Harmonic Major;11;b;8;9;12;1;3;4;7;;G;Ab;B;C;D;Eb;Gb;;;;;;;;;
477;9;G#;Modes of Double Harmonic Scale;1;Double Harmonic Major;12;;9;10;1;2;4;5;8;;G#;A;C;C#;D#;E;G;;;;;;;;;
478;10;A;Modes of Double Harmonic Scale;1;Double Harmonic Major;1;b;10;11;2;3;5;6;9;;A;Bb;Db;D;E;F;Ab;;;;;;;;;
479;11;Bb;Modes of Double Harmonic Scale;1;Double Harmonic Major;2;b;11;12;3;4;6;7;10;;Bb;B;D;Eb;F;Gb;A;;;;;;;;;
480;12;B;Modes of Double Harmonic Scale;1;Double Harmonic Major;3;;12;1;4;5;7;8;11;;B;C;D#;E;F#;G;A#;;;;;;;;;
481;1;C;Modes of Double Harmonic Scale;2; Lydian s2 s6;8;;1;4;5;7;8;11;12;;C;D#;E;F#;G;A#;B;;;;;;;;;
482;2;Db;Modes of Double Harmonic Scale;2; Lydian s2 s6;9;b;2;5;6;8;9;12;1;;Db;E;F;G;Ab;B;C;;;;;;;;;
483;3;D;Modes of Double Harmonic Scale;2; Lydian s2 s6;10;;3;6;7;9;10;1;2;;D;F;F#;G#;A;C;C#;;;;;;;;;
484;4;Eb;Modes of Double Harmonic Scale;2; Lydian s2 s6;11;b;4;7;8;10;11;2;3;;Eb;Gb;G;A;Bb;Db;D;;;;;;;;;
485;5;E;Modes of Double Harmonic Scale;2; Lydian s2 s6;12;;5;8;9;11;12;3;4;;E;G;G#;A#;B;D;D#;;;;;;;;;
486;6;F;Modes of Double Harmonic Scale;2; Lydian s2 s6;1;b;6;9;10;12;1;4;5;;F;Ab;A;B;C;Eb;E;;;;;;;;;
487;7;Gb;Modes of Double Harmonic Scale;2; Lydian s2 s6;2;b;7;10;11;1;2;5;6;;Gb;A;Bb;C;Db;E;F;;;;;;;;;
488;8;G;Modes of Double Harmonic Scale;2; Lydian s2 s6;3;;8;11;12;2;3;6;7;;G;A#;B;C#;D;F;F#;;;;;;;;;
489;9;Ab;Modes of Double Harmonic Scale;2; Lydian s2 s6;4;b;9;12;1;3;4;7;8;;Ab;B;C;D;Eb;Gb;G;;;;;;;;;
490;10;A;Modes of Double Harmonic Scale;2; Lydian s2 s6;5;;10;1;2;4;5;8;9;;A;C;C#;D#;E;G;G#;;;;;;;;;
491;11;Bb;Modes of Double Harmonic Scale;2; Lydian s2 s6;6;b;11;2;3;5;6;9;10;;Bb;Db;D;E;F;Ab;A;;;;;;;;;
492;12;B;Modes of Double Harmonic Scale;2; Lydian s2 s6;7;;12;3;4;6;7;10;11;;B;D;D#;F;F#;A;A#;;;;;;;;;
493;1;C;Modes of Double Harmonic Scale;3;Ultraphrygian;9;b;1;2;4;5;8;9;10;;C;Db;Eb;E;G;Ab;A;;;;;;;;;
494;2;C#;Modes of Double Harmonic Scale;3;Ultraphrygian;10;;2;3;5;6;9;10;11;;C#;D;E;F;G#;A;A#;;;;;;;;;
495;3;D;Modes of Double Harmonic Scale;3;Ultraphrygian;11;b;3;4;6;7;10;11;12;;D;Eb;F;Gb;A;Bb;B;;;;;;;;;
496;4;D#;Modes of Double Harmonic Scale;3;Ultraphrygian;12;;4;5;7;8;11;12;1;;D#;E;F#;G;A#;B;C;;;;;;;;;
497;5;E;Modes of Double Harmonic Scale;3;Ultraphrygian;1;b;5;6;8;9;12;1;2;;E;F;G;Ab;B;C;Db;;;;;;;;;
498;6;F;Modes of Double Harmonic Scale;3;Ultraphrygian;2;b;6;7;9;10;1;2;3;;F;Gb;Ab;A;C;Db;D;;;;;;;;;
499;7;F#;Modes of Double Harmonic Scale;3;Ultraphrygian;3;;7;8;10;11;2;3;4;;F#;G;A;A#;C#;D;D#;;;;;;;;;
500;8;G;Modes of Double Harmonic Scale;3;Ultraphrygian;4;b;8;9;11;12;3;4;5;;G;Ab;Bb;B;D;Eb;E;;;;;;;;;
501;9;G#;Modes of Double Harmonic Scale;3;Ultraphrygian;5;;9;10;12;1;4;5;6;;G#;A;B;C;D#;E;F;;;;;;;;;
502;10;A;Modes of Double Harmonic Scale;3;Ultraphrygian;6;b;10;11;1;2;5;6;7;;A;Bb;C;Db;E;F;Gb;;;;;;;;;
503;11;A#;Modes of Double Harmonic Scale;3;Ultraphrygian;7;;11;12;2;3;6;7;8;;A#;B;C#;D;F;F#;G;;;;;;;;;
504;12;B;Modes of Double Harmonic Scale;3;Ultraphrygian;8;;12;1;3;4;7;8;9;;B;C;D;D#;F#;G;G#;;;;;;;;;
505;1;C;Modes of Double Harmonic Scale;4;Hungarian/Gypsy Minor;4;b;1;3;4;7;8;9;12;;C;D;Eb;Gb;G;Ab;B;;;;;;;;;
506;2;C#;Modes of Double Harmonic Scale;4;Hungarian/Gypsy Minor;5;;2;4;5;8;9;10;1;;C#;D#;E;G;G#;A;C;;;;;;;;;
507;3;D;Modes of Double Harmonic Scale;4;Hungarian/Gypsy Minor;6;b;3;5;6;9;10;11;2;;D;E;F;Ab;A;Bb;Db;;;;;;;;;
508;4;D#;Modes of Double Harmonic Scale;4;Hungarian/Gypsy Minor;7;;4;6;7;10;11;12;3;;D#;F;F#;A;A#;B;D;;;;;;;;;
509;5;E;Modes of Double Harmonic Scale;4;Hungarian/Gypsy Minor;8;;5;7;8;11;12;1;4;;E;F#;G;A#;B;C;D#;;;;;;;;;
510;6;F;Modes of Double Harmonic Scale;4;Hungarian/Gypsy Minor;9;b;6;8;9;12;1;2;5;;F;G;Ab;B;C;Db;E;;;;;;;;;
511;7;F#;Modes of Double Harmonic Scale;4;Hungarian/Gypsy Minor;10;;7;9;10;1;2;3;6;;F#;G#;A;C;C#;D;F;;;;;;;;;
512;8;G;Modes of Double Harmonic Scale;4;Hungarian/Gypsy Minor;11;b;8;10;11;2;3;4;7;;G;A;Bb;Db;D;Eb;Gb;;;;;;;;;
513;9;G#;Modes of Double Harmonic Scale;4;Hungarian/Gypsy Minor;12;;9;11;12;3;4;5;8;;G#;A#;B;D;D#;E;G;;;;;;;;;
514;10;A;Modes of Double Harmonic Scale;4;Hungarian/Gypsy Minor;1;b;10;12;1;4;5;6;9;;A;B;C;Eb;E;F;Ab;;;;;;;;;
515;11;Bb;Modes of Double Harmonic Scale;4;Hungarian/Gypsy Minor;2;b;11;1;2;5;6;7;10;;Bb;C;Db;E;F;Gb;A;;;;;;;;;
516;12;B;Modes of Double Harmonic Scale;4;Hungarian/Gypsy Minor;3;;12;2;3;6;7;8;11;;B;C#;D;F;F#;G;A#;;;;;;;;;
517;1;C;Modes of Double Harmonic Scale;5;Oriental;6;b;1;2;5;6;7;10;11;;C;Db;E;F;Gb;A;Bb;;;;;;;;;
518;2;C#;Modes of Double Harmonic Scale;5;Oriental;7;;2;3;6;7;8;11;12;;C#;D;F;F#;G;A#;B;;;;;;;;;
519;3;D;Modes of Double Harmonic Scale;5;Oriental;8;;3;4;7;8;9;12;1;;D;D#;F#;G;G#;B;C;;;;;;;;;
520;4;Eb;Modes of Double Harmonic Scale;5;Oriental;9;b;4;5;8;9;10;1;2;;Eb;E;G;Ab;A;C;Db;;;;;;;;;
521;5;E;Modes of Double Harmonic Scale;5;Oriental;10;;5;6;9;10;11;2;3;;E;F;G#;A;A#;C#;D;;;;;;;;;
522;6;F;Modes of Double Harmonic Scale;5;Oriental;11;b;6;7;10;11;12;3;4;;F;Gb;A;Bb;B;D;Eb;;;;;;;;;
523;7;F#;Modes of Double Harmonic Scale;5;Oriental;12;;7;8;11;12;1;4;5;;F#;G;A#;B;C;D#;E;;;;;;;;;
524;8;G;Modes of Double Harmonic Scale;5;Oriental;1;b;8;9;12;1;2;5;6;;G;Ab;B;C;Db;E;F;;;;;;;;;
525;9;Ab;Modes of Double Harmonic Scale;5;Oriental;2;b;9;10;1;2;3;6;7;;Ab;A;C;Db;D;F;Gb;;;;;;;;;
526;10;A;Modes of Double Harmonic Scale;5;Oriental;3;;10;11;2;3;4;7;8;;A;A#;C#;D;D#;F#;G;;;;;;;;;
527;11;Bb;Modes of Double Harmonic Scale;5;Oriental;4;b;11;12;3;4;5;8;9;;Bb;B;D;Eb;E;G;Ab;;;;;;;;;
528;12;B;Modes of Double Harmonic Scale;5;Oriental;5;;12;1;4;5;6;9;10;;B;C;D#;E;F;G#;A;;;;;;;;;
529;1;C;Modes of Double Harmonic Scale;6;Ionian s2 s5;1;b;1;4;5;6;9;10;12;;C;Eb;E;F;Ab;A;B;;;;;;;;;
530;2;Db;Modes of Double Harmonic Scale;6;Ionian s2 s5;2;b;2;5;6;7;10;11;1;;Db;E;F;Gb;A;Bb;C;;;;;;;;;
531;3;D;Modes of Double Harmonic Scale;6;Ionian s2 s5;3;;3;6;7;8;11;12;2;;D;F;F#;G;A#;B;C#;;;;;;;;;
532;4;Eb;Modes of Double Harmonic Scale;6;Ionian s2 s5;4;b;4;7;8;9;12;1;3;;Eb;Gb;G;Ab;B;C;D;;;;;;;;;
533;5;E;Modes of Double Harmonic Scale;6;Ionian s2 s5;5;;5;8;9;10;1;2;4;;E;G;G#;A;C;C#;D#;;;;;;;;;
534;6;F;Modes of Double Harmonic Scale;6;Ionian s2 s5;6;b;6;9;10;11;2;3;5;;F;Ab;A;Bb;Db;D;E;;;;;;;;;
535;7;F#;Modes of Double Harmonic Scale;6;Ionian s2 s5;7;;7;10;11;12;3;4;6;;F#;A;A#;B;D;D#;F;;;;;;;;;
536;8;G;Modes of Double Harmonic Scale;6;Ionian s2 s5;8;;8;11;12;1;4;5;7;;G;A#;B;C;D#;E;F#;;;;;;;;;
537;9;Ab;Modes of Double Harmonic Scale;6;Ionian s2 s5;9;b;9;12;1;2;5;6;8;;Ab;B;C;Db;E;F;G;;;;;;;;;
538;10;A;Modes of Double Harmonic Scale;6;Ionian s2 s5;10;;10;1;2;3;6;7;9;;A;C;C#;D;F;F#;G#;;;;;;;;;
539;11;Bb;Modes of Double Harmonic Scale;6;Ionian s2 s5;11;b;11;2;3;4;7;8;10;;Bb;Db;D;Eb;Gb;G;A;;;;;;;;;
540;12;B;Modes of Double Harmonic Scale;6;Ionian s2 s5;12;;12;3;4;5;8;9;11;;B;D;D#;E;G;G#;A#;;;;;;;;;
541;1;C;Modes of Double Harmonic Scale;7;Locrian ff3 ff7;2;b;1;2;3;6;7;9;10;;C;Db;D;F;Gb;Ab;A;;;;;;;;;
542;2;C#;Modes of Double Harmonic Scale;7;Locrian ff3 ff7;3;;2;3;4;7;8;10;11;;C#;D;D#;F#;G;A;A#;;;;;;;;;
543;3;D;Modes of Double Harmonic Scale;7;Locrian ff3 ff7;4;b;3;4;5;8;9;11;12;;D;Eb;E;G;Ab;Bb;B;;;;;;;;;
544;4;D#;Modes of Double Harmonic Scale;7;Locrian ff3 ff7;5;;4;5;6;9;10;12;1;;D#;E;F;G#;A;B;C;;;;;;;;;
545;5;E;Modes of Double Harmonic Scale;7;Locrian ff3 ff7;6;b;5;6;7;10;11;1;2;;E;F;Gb;A;Bb;C;Db;;;;;;;;;
546;6;F;Modes of Double Harmonic Scale;7;Locrian ff3 ff7;7;;6;7;8;11;12;2;3;;F;F#;G;A#;B;C#;D;;;;;;;;;
547;7;F#;Modes of Double Harmonic Scale;7;Locrian ff3 ff7;8;;7;8;9;12;1;3;4;;F#;G;G#;B;C;D;D#;;;;;;;;;
548;8;G;Modes of Double Harmonic Scale;7;Locrian ff3 ff7;9;b;8;9;10;1;2;4;5;;G;Ab;A;C;Db;Eb;E;;;;;;;;;
549;9;G#;Modes of Double Harmonic Scale;7;Locrian ff3 ff7;10;;9;10;11;2;3;5;6;;G#;A;A#;C#;D;E;F;;;;;;;;;
550;10;A;Modes of Double Harmonic Scale;7;Locrian ff3 ff7;11;b;10;11;12;3;4;6;7;;A;Bb;B;D;Eb;F;Gb;;;;;;;;;
551;11;A#;Modes of Double Harmonic Scale;7;Locrian ff3 ff7;12;;11;12;1;4;5;7;8;;A#;B;C;D#;E;F#;G;;;;;;;;;
552;12;B;Modes of Double Harmonic Scale;7;Locrian ff3 ff7;1;b;12;1;2;5;6;8;9;;B;C;Db;E;F;G;Ab;;;;;;;;;
553;1;C;Neapolitan Scales;1;Neapolitan Minor Scale;4;b;1;2;4;6;8;9;12;;C;Db;Eb;F;G;Ab;B;;;;;;;;;
554;2;C#;Neapolitan Scales;1;Neapolitan Minor Scale;5;;2;3;5;7;9;10;1;;C#;D;E;F#;G#;A;C;;;;;;;;;
555;3;D;Neapolitan Scales;1;Neapolitan Minor Scale;6;b;3;4;6;8;10;11;2;;D;Eb;F;G;A;Bb;Db;;;;;;;;;
556;4;D#;Neapolitan Scales;1;Neapolitan Minor Scale;7;;4;5;7;9;11;12;3;;D#;E;F#;G#;A#;B;D;;;;;;;;;
557;5;E;Neapolitan Scales;1;Neapolitan Minor Scale;8;;5;6;8;10;12;1;4;;E;F;G;A;B;C;D#;;;;;;;;;
558;6;F;Neapolitan Scales;1;Neapolitan Minor Scale;9;b;6;7;9;11;1;2;5;;F;Gb;Ab;Bb;C;Db;E;;;;;;;;;
559;7;F#;Neapolitan Scales;1;Neapolitan Minor Scale;10;;7;8;10;12;2;3;6;;F#;G;A;B;C#;D;F;;;;;;;;;
560;8;G;Neapolitan Scales;1;Neapolitan Minor Scale;11;b;8;9;11;1;3;4;7;;G;Ab;Bb;C;D;Eb;Gb;;;;;;;;;
561;9;G#;Neapolitan Scales;1;Neapolitan Minor Scale;12;;9;10;12;2;4;5;8;;G#;A;B;C#;D#;E;G;;;;;;;;;
562;10;A;Neapolitan Scales;1;Neapolitan Minor Scale;1;b;10;11;1;3;5;6;9;;A;Bb;C;D;E;F;Ab;;;;;;;;;
563;11;Bb;Neapolitan Scales;1;Neapolitan Minor Scale;2;b;11;12;2;4;6;7;10;;Bb;B;Db;Eb;F;Gb;A;;;;;;;;;
564;12;B;Neapolitan Scales;1;Neapolitan Minor Scale;3;;12;1;3;5;7;8;11;;B;C;D;E;F#;G;A#;;;;;;;;;
565;1;C;Neapolitan Scales;2;Neapolitan Major Scale;4;b;1;2;4;6;8;10;12;;C;Db;Eb;F;G;A;B;;;;;;;;;
566;2;C#;Neapolitan Scales;2;Neapolitan Major Scale;5;;2;3;5;7;9;11;1;;C#;D;E;F#;G#;A#;C;;;;;;;;;
567;3;D;Neapolitan Scales;2;Neapolitan Major Scale;6;b;3;4;6;8;10;12;2;;D;Eb;F;G;A;B;Db;;;;;;;;;
568;4;D#;Neapolitan Scales;2;Neapolitan Major Scale;7;;4;5;7;9;11;1;3;;D#;E;F#;G#;A#;C;D;;;;;;;;;
569;5;E;Neapolitan Scales;2;Neapolitan Major Scale;8;;5;6;8;10;12;2;4;;E;F;G;A;B;C#;D#;;;;;;;;;
570;6;F;Neapolitan Scales;2;Neapolitan Major Scale;9;b;6;7;9;11;1;3;5;;F;Gb;Ab;Bb;C;D;E;;;;;;;;;
571;7;F#;Neapolitan Scales;2;Neapolitan Major Scale;10;;7;8;10;12;2;4;6;;F#;G;A;B;C#;D#;F;;;;;;;;;
572;8;G;Neapolitan Scales;2;Neapolitan Major Scale;11;b;8;9;11;1;3;5;7;;G;Ab;Bb;C;D;E;Gb;;;;;;;;;
573;9;G#;Neapolitan Scales;2;Neapolitan Major Scale;12;;9;10;12;2;4;6;8;;G#;A;B;C#;D#;F;G;;;;;;;;;
574;10;A;Neapolitan Scales;2;Neapolitan Major Scale;1;b;10;11;1;3;5;7;9;;A;Bb;C;D;E;Gb;Ab;;;;;;;;;
575;11;Bb;Neapolitan Scales;2;Neapolitan Major Scale;2;b;11;12;2;4;6;8;10;;Bb;B;Db;Eb;F;G;A;;;;;;;;;
576;12;B;Neapolitan Scales;2;Neapolitan Major Scale;3;;12;1;3;5;7;9;11;;B;C;D;E;F#;G#;A#;;;;;;;;;
577;1;C;Bebop Scales;1;Bebop Major;1;b;1;3;5;6;8;9;10;12;C;D;E;F;G;Ab;A;B;;;;;;;;
578;2;Db;Bebop Scales;1;Bebop Major;2;b;2;4;6;7;9;10;11;1;Db;Eb;F;Gb;Ab;A;Bb;C;;;;;;;;
579;3;D;Bebop Scales;1;Bebop Major;3;;3;5;7;8;10;11;12;2;D;E;F#;G;A;A#;B;C#;;;;;;;;
580;4;Eb;Bebop Scales;1;Bebop Major;4;b;4;6;8;9;11;12;1;3;Eb;F;G;Ab;Bb;B;C;D;;;;;;;;
581;5;E;Bebop Scales;1;Bebop Major;5;;5;7;9;10;12;1;2;4;E;F#;G#;A;B;C;C#;D#;;;;;;;;
582;6;F;Bebop Scales;1;Bebop Major;6;b;6;8;10;11;1;2;3;5;F;G;A;Bb;C;Db;D;E;;;;;;;;
583;7;F#;Bebop Scales;1;Bebop Major;7;;7;9;11;12;2;3;4;6;F#;G#;A#;B;C#;D;D#;F;;;;;;;;
584;8;G;Bebop Scales;1;Bebop Major;8;;8;10;12;1;3;4;5;7;G;A;B;C;D;D#;E;F#;;;;;;;;
585;9;Ab;Bebop Scales;1;Bebop Major;9;b;9;11;1;2;4;5;6;8;Ab;Bb;C;Db;Eb;E;F;G;;;;;;;;
586;10;A;Bebop Scales;1;Bebop Major;10;;10;12;2;3;5;6;7;9;A;B;C#;D;E;F;F#;G#;;;;;;;;
587;11;Bb;Bebop Scales;1;Bebop Major;11;b;11;1;3;4;6;7;8;10;Bb;C;D;Eb;F;Gb;G;A;;;;;;;;
588;12;B;Bebop Scales;1;Bebop Major;12;;12;2;4;5;7;8;9;11;B;C#;D#;E;F#;G;G#;A#;;;;;;;;
589;1;C;Bebop Scales;2;Bebop Melodic Minor;4;b;1;3;4;6;8;9;10;12;C;D;Eb;F;G;Ab;A;B;;;;;;;;
590;2;C#;Bebop Scales;2;Bebop Melodic Minor;5;;2;4;5;7;9;10;11;1;C#;D#;E;F#;G#;A;A#;C;;;;;;;;
591;3;D;Bebop Scales;2;Bebop Melodic Minor;6;b;3;5;6;8;10;11;12;2;D;E;F;G;A;Bb;B;Db;;;;;;;;
592;4;D#;Bebop Scales;2;Bebop Melodic Minor;7;;4;6;7;9;11;12;1;3;D#;F;F#;G#;A#;B;C;D;;;;;;;;
593;5;E;Bebop Scales;2;Bebop Melodic Minor;8;;5;7;8;10;12;1;2;4;E;F#;G;A;B;C;C#;D#;;;;;;;;
594;6;F;Bebop Scales;2;Bebop Melodic Minor;9;b;6;8;9;11;1;2;3;5;F;G;Ab;Bb;C;Db;D;E;;;;;;;;
595;7;F#;Bebop Scales;2;Bebop Melodic Minor;10;;7;9;10;12;2;3;4;6;F#;G#;A;B;C#;D;D#;F;;;;;;;;
596;8;G;Bebop Scales;2;Bebop Melodic Minor;11;b;8;10;11;1;3;4;5;7;G;A;Bb;C;D;Eb;E;Gb;;;;;;;;
597;9;G#;Bebop Scales;2;Bebop Melodic Minor;12;;9;11;12;2;4;5;6;8;G#;A#;B;C#;D#;E;F;G;;;;;;;;
598;10;A;Bebop Scales;2;Bebop Melodic Minor;1;b;10;12;1;3;5;6;7;9;A;B;C;D;E;F;Gb;Ab;;;;;;;;
599;11;Bb;Bebop Scales;2;Bebop Melodic Minor;2;b;11;1;2;4;6;7;8;10;Bb;C;Db;Eb;F;Gb;G;A;;;;;;;;
600;12;B;Bebop Scales;2;Bebop Melodic Minor;3;;12;2;3;5;7;8;9;11;B;C#;D;E;F#;G;G#;A#;;;;;;;;
601;1;C;Bebop Scales;3;Bebop Dorian;7;;1;3;4;5;6;8;10;11;C;D;D#;E;F;G;A;A#;;;;;;;;
602;2;C#;Bebop Scales;3;Bebop Dorian;8;;2;4;5;6;7;9;11;12;C#;D#;E;F;F#;G#;A#;B;;;;;;;;
603;3;D;Bebop Scales;3;Bebop Dorian;9;b;3;5;6;7;8;10;12;1;D;E;F;Gb;G;A;B;C;;;;;;;;
604;4;D#;Bebop Scales;3;Bebop Dorian;10;;4;6;7;8;9;11;1;2;D#;F;F#;G;G#;A#;C;C#;;;;;;;;
605;5;E;Bebop Scales;3;Bebop Dorian;11;b;5;7;8;9;10;12;2;3;E;Gb;G;Ab;A;B;Db;D;;;;;;;;
606;6;F;Bebop Scales;3;Bebop Dorian;12;;6;8;9;10;11;1;3;4;F;G;G#;A;A#;C;D;D#;;;;;;;;
607;7;Gb;Bebop Scales;3;Bebop Dorian;1;b;7;9;10;11;12;2;4;5;Gb;Ab;A;Bb;B;Db;Eb;E;;;;;;;;
608;8;G;Bebop Scales;3;Bebop Dorian;2;b;8;10;11;12;1;3;5;6;G;A;Bb;B;C;D;E;F;;;;;;;;
609;9;G#;Bebop Scales;3;Bebop Dorian;3;;9;11;12;1;2;4;6;7;G#;A#;B;C;C#;D#;F;F#;;;;;;;;
610;10;A;Bebop Scales;3;Bebop Dorian;4;b;10;12;1;2;3;5;7;8;A;B;C;Db;D;E;Gb;G;;;;;;;;
611;11;A#;Bebop Scales;3;Bebop Dorian;5;;11;1;2;3;4;6;8;9;A#;C;C#;D;D#;F;G;G#;;;;;;;;
612;12;B;Bebop Scales;3;Bebop Dorian;6;b;12;2;3;4;5;7;9;10;B;Db;D;Eb;E;Gb;Ab;A;;;;;;;;
613;1;C;Bebop Scales;4;Bebop Minor;10;;1;3;4;6;8;10;11;12;C;D;D#;F;G;A;A#;B;;;;;;;;
614;2;Db;Bebop Scales;4;Bebop Minor;11;b;2;4;5;7;9;11;12;1;Db;Eb;E;Gb;Ab;Bb;B;C;;;;;;;;
615;3;D;Bebop Scales;4;Bebop Minor;12;;3;5;6;8;10;12;1;2;D;E;F;G;A;B;C;C#;;;;;;;;
616;4;Eb;Bebop Scales;4;Bebop Minor;1;b;4;6;7;9;11;1;2;3;Eb;F;Gb;Ab;Bb;C;Db;D;;;;;;;;
617;5;E;Bebop Scales;4;Bebop Minor;2;b;5;7;8;10;12;2;3;4;E;Gb;G;A;B;Db;D;Eb;;;;;;;;
618;6;F;Bebop Scales;4;Bebop Minor;3;;6;8;9;11;1;3;4;5;F;G;G#;A#;C;D;D#;E;;;;;;;;
619;7;Gb;Bebop Scales;4;Bebop Minor;4;b;7;9;10;12;2;4;5;6;Gb;Ab;A;B;Db;Eb;E;F;;;;;;;;
620;8;G;Bebop Scales;4;Bebop Minor;5;;8;10;11;1;3;5;6;7;G;A;A#;C;D;E;F;F#;;;;;;;;
621;9;Ab;Bebop Scales;4;Bebop Minor;6;b;9;11;12;2;4;6;7;8;Ab;Bb;B;Db;Eb;F;Gb;G;;;;;;;;
622;10;A;Bebop Scales;4;Bebop Minor;7;;10;12;1;3;5;7;8;9;A;B;C;D;E;F#;G;G#;;;;;;;;
623;11;A#;Bebop Scales;4;Bebop Minor;8;;11;1;2;4;6;8;9;10;A#;C;C#;D#;F;G;G#;A;;;;;;;;
624;12;B;Bebop Scales;4;Bebop Minor;9;b;12;2;3;5;7;9;10;11;B;Db;D;E;Gb;Ab;A;Bb;;;;;;;;
625;1;C;Bebop Scales;5;Bebop Dominant;6;b;1;3;5;6;8;10;11;12;C;D;E;F;G;A;Bb;B;;;;;;;;
626;2;C#;Bebop Scales;5;Bebop Dominant;7;;2;4;6;7;9;11;12;1;C#;D#;F;F#;G#;A#;B;C;;;;;;;;
627;3;D;Bebop Scales;5;Bebop Dominant;8;;3;5;7;8;10;12;1;2;D;E;F#;G;A;B;C;C#;;;;;;;;
628;4;Eb;Bebop Scales;5;Bebop Dominant;9;b;4;6;8;9;11;1;2;3;Eb;F;G;Ab;Bb;C;Db;D;;;;;;;;
629;5;E;Bebop Scales;5;Bebop Dominant;10;;5;7;9;10;12;2;3;4;E;F#;G#;A;B;C#;D;D#;;;;;;;;
630;6;F;Bebop Scales;5;Bebop Dominant;11;b;6;8;10;11;1;3;4;5;F;G;A;Bb;C;D;Eb;E;;;;;;;;
631;7;F#;Bebop Scales;5;Bebop Dominant;12;;7;9;11;12;2;4;5;6;F#;G#;A#;B;C#;D#;E;F;;;;;;;;
632;8;G;Bebop Scales;5;Bebop Dominant;1;b;8;10;12;1;3;5;6;7;G;A;B;C;D;E;F;Gb;;;;;;;;
633;9;Ab;Bebop Scales;5;Bebop Dominant;2;b;9;11;1;2;4;6;7;8;Ab;Bb;C;Db;Eb;F;Gb;G;;;;;;;;
634;10;A;Bebop Scales;5;Bebop Dominant;3;;10;12;2;3;5;7;8;9;A;B;C#;D;E;F#;G;G#;;;;;;;;
635;11;Bb;Bebop Scales;5;Bebop Dominant;4;b;11;1;3;4;6;8;9;10;Bb;C;D;Eb;F;G;Ab;A;;;;;;;;
636;12;B;Bebop Scales;5;Bebop Dominant;5;;12;2;4;5;7;9;10;11;B;C#;D#;E;F#;G#;A;A#;;;;;;;;
